
TOP SOURCE: user_project_wrapper
SOURCE FILE(S): /opt/pdks/sky130A/libs.ref/sky130_fd_sc_hd/spice/sky130_ef_sc_hd__decap_12.spice
 /opt/pdks/sky130A/libs.ref/sky130_fd_sc_hd/spice/sky130_ef_sc_hd__decap_20_12.spice
 /opt/pdks/sky130A/libs.ref/sky130_fd_sc_hd/spice/sky130_ef_sc_hd__decap_40_12.spice
 /opt/pdks/sky130A/libs.ref/sky130_fd_sc_hd/spice/sky130_ef_sc_hd__decap_60_12.spice
 /opt/pdks/sky130A/libs.ref/sky130_fd_sc_hd/spice/sky130_ef_sc_hd__decap_80_12.spice
 /opt/pdks/sky130A/libs.ref/sky130_fd_sc_hd/spice/sky130_fd_sc_hd.spice
 /tmp/tmpg2qwmavz/repo/verilog/gl/user_proj_example.v
 /tmp/tmpg2qwmavz/repo/verilog/gl/user_project_wrapper.v
TOP LAYOUT: user_project_wrapper
LAYOUT FILE: /tmp/tmpg2qwmavz/repo/gds/user_project_wrapper.gds
EXTRACT_FLATGLOB: 
EXTRACT_ABSTRACT: *__fill_*
 *__fakediode_*
 *__tapvpwrvgnd_*
LVS_FLATTEN: 
LVS_NOFLATTEN: 
LVS_IGNORE: 
WORK_ROOT   : /tmp/tmpg2qwmavz/repo/precheck_results/12_MAY_2026___03_50_50/tmp
LOG_ROOT    : /tmp/tmpg2qwmavz/repo/precheck_results/12_MAY_2026___03_50_50/logs
SIGNOFF_ROOT: /tmp/tmpg2qwmavz/repo/precheck_results/12_MAY_2026___03_50_50/outputs/reports
 
Running hierarchical comparison between verilog and layout...
Creating /tmp/tmpg2qwmavz/repo/precheck_results/12_MAY_2026___03_50_50/tmp/verilog.cells from the following files...
	/tmp/tmpg2qwmavz/repo/verilog/gl/user_proj_example.v
	/tmp/tmpg2qwmavz/repo/verilog/gl/user_project_wrapper.v
[INFO] Changing from /tmp/tmpg2qwmavz/repo/gds/user_project_wrapper.gds
	to /tmp/tmpg2qwmavz/repo/precheck_results/12_MAY_2026___03_50_50/tmp/layout.txt
Hierarchy check for user_project_wrapper passed.
 
Running LVS...
TOP SOURCE: user_project_wrapper
SOURCE FILE(S): /opt/pdks/sky130A/libs.ref/sky130_fd_sc_hd/spice/sky130_ef_sc_hd__decap_12.spice
 /opt/pdks/sky130A/libs.ref/sky130_fd_sc_hd/spice/sky130_ef_sc_hd__decap_20_12.spice
 /opt/pdks/sky130A/libs.ref/sky130_fd_sc_hd/spice/sky130_ef_sc_hd__decap_40_12.spice
 /opt/pdks/sky130A/libs.ref/sky130_fd_sc_hd/spice/sky130_ef_sc_hd__decap_60_12.spice
 /opt/pdks/sky130A/libs.ref/sky130_fd_sc_hd/spice/sky130_ef_sc_hd__decap_80_12.spice
 /opt/pdks/sky130A/libs.ref/sky130_fd_sc_hd/spice/sky130_fd_sc_hd.spice
 /tmp/tmpg2qwmavz/repo/verilog/gl/user_proj_example.v
 /tmp/tmpg2qwmavz/repo/verilog/gl/user_project_wrapper.v
TOP LAYOUT: user_project_wrapper
LAYOUT FILE: /tmp/tmpg2qwmavz/repo/gds/user_project_wrapper.gds
EXTRACT_FLATGLOB: 
EXTRACT_ABSTRACT: *__fill_*
 *__fakediode_*
 *__tapvpwrvgnd_*
LVS_FLATTEN: 
LVS_NOFLATTEN: 
LVS_IGNORE: 
WORK_ROOT   : /tmp/tmpg2qwmavz/repo/precheck_results/12_MAY_2026___03_50_50/tmp
LOG_ROOT    : /tmp/tmpg2qwmavz/repo/precheck_results/12_MAY_2026___03_50_50/logs
SIGNOFF_ROOT: /tmp/tmpg2qwmavz/repo/precheck_results/12_MAY_2026___03_50_50/outputs/reports
 
Running extract...
TOP LAYOUT: user_project_wrapper
LAYOUT FILE: /tmp/tmpg2qwmavz/repo/gds/user_project_wrapper.gds
EXTRACT_FLATGLOB: 
EXTRACT_ABSTRACT: *__fill_*
 *__fakediode_*
 *__tapvpwrvgnd_*
WORK_ROOT   : /tmp/tmpg2qwmavz/repo/precheck_results/12_MAY_2026___03_50_50/tmp
LOG_ROOT    : /tmp/tmpg2qwmavz/repo/precheck_results/12_MAY_2026___03_50_50/logs
SIGNOFF_ROOT: /tmp/tmpg2qwmavz/repo/precheck_results/12_MAY_2026___03_50_50/outputs/reports
LOG FILE: /tmp/tmpg2qwmavz/repo/precheck_results/12_MAY_2026___03_50_50/logs/ext.log
Adding subcutout style to tech file.
/opt/pdks/sky130A/libs.tech/magic/sky130A.tech: version 1.0.493
Extracting to /tmp/tmpg2qwmavz/repo/precheck_results/12_MAY_2026___03_50_50/tmp/ext
 

Magic 8.3 revision 471 - Compiled on Wed Apr 22 16:23:58 UTC 2026.
Starting magic under Tcl interpreter
Using the terminal as the console.
Using NULL graphics device.
Processing system .magicrc file
Sourcing design magicrc.well for technology sky130A ...
2 Magic internal units = 1 Lambda
Loading tech file /tmp/tmpg2qwmavz/repo/precheck_results/12_MAY_2026___03_50_50/tmp/sky130A.tech
Input style sky130(): scaleFactor=2, multiplier=2
The following types are not handled by extraction and will be treated as non-electrical types:
    ubm 
Scaled tech values by 2 / 1 to match internal grid scaling
Loading "/tmp/tmpg2qwmavz/repo/precheck_results/12_MAY_2026___03_50_50/tmp/ext/abstract.tcl" from command line.
Abstracting
CIF input style is now "sky130()"
Abstracting /tmp/tmpg2qwmavz/repo/gds/user_project_wrapper.gds
Warning: Calma reading is not undoable!  I hope that's OK.
Library written using GDS-II Release 3.0
Library name: user_project_wrapper
Reading "EZ_sky130_ef_sc_hd__decap_40_12".
Reading "EZ_sky130_fd_sc_hd__decap_3".
Reading "EZ_sky130_fd_sc_hd__fill_1".
Reading "EZ_sky130_fd_sc_hd__tapvpwrvgnd_1".
Reading "EZ_sky130_fd_sc_hd__fill_2".
Reading "EZ_sky130_fd_sc_hd__fill_4".
Reading "EZ_sky130_fd_sc_hd__buf_4".
Reading "EZ_sky130_fd_sc_hd__fill_8".
Reading "EZ_sky130_fd_sc_hd__diode_2".
Reading "EZ_sky130_fd_sc_hd__buf_12".
Reading "EZ_sky130_fd_sc_hd__clkbuf_8".
Reading "EZ_sky130_fd_sc_hd__dlygate4sd3_1".
Reading "EZ_sky130_fd_sc_hd__clkbuf_4".
Reading "EZ_sky130_fd_sc_hd__buf_2".
Reading "EZ_sky130_fd_sc_hd__dfxtp_1".
Reading "EZ_sky130_fd_sc_hd__mux2_1".
Reading "EZ_sky130_fd_sc_hd__dfxtp_2".
Reading "EZ_sky130_fd_sc_hd__conb_1".
Reading "EZ_sky130_fd_sc_hd__and2_4".
Reading "EZ_sky130_fd_sc_hd__and2_2".
Reading "EZ_sky130_fd_sc_hd__nand2_8".
Reading "EZ_sky130_fd_sc_hd__nor2_2".
Reading "EZ_sky130_fd_sc_hd__inv_2".
Reading "EZ_sky130_fd_sc_hd__buf_6".
Reading "EZ_sky130_fd_sc_hd__nand3b_4".
Reading "EZ_sky130_fd_sc_hd__a211o_1".
Reading "EZ_sky130_fd_sc_hd__nor2_1".
Reading "EZ_sky130_fd_sc_hd__and3_1".
Reading "EZ_sky130_fd_sc_hd__a21oi_4".
Reading "EZ_sky130_fd_sc_hd__and2b_1".
Reading "EZ_sky130_fd_sc_hd__buf_1".
Reading "EZ_sky130_fd_sc_hd__a22o_1".
Reading "EZ_sky130_fd_sc_hd__a31o_1".
Reading "EZ_sky130_fd_sc_hd__o21a_1".
Reading "EZ_sky130_fd_sc_hd__a221o_1".
Reading "EZ_sky130_fd_sc_hd__a32o_1".
Reading "EZ_sky130_fd_sc_hd__and2_1".
Reading "EZ_sky130_fd_sc_hd__nand2_1".
Reading "EZ_sky130_fd_sc_hd__o2bb2a_1".
Reading "EZ_sky130_fd_sc_hd__a21oi_1".
Reading "EZ_sky130_fd_sc_hd__o21ai_1".
Reading "EZ_sky130_fd_sc_hd__a32o_4".
Reading "EZ_sky130_fd_sc_hd__a21o_1".
Reading "EZ_sky130_fd_sc_hd__or3b_2".
Reading "EZ_sky130_fd_sc_hd__and2b_2".
Reading "EZ_sky130_fd_sc_hd__a31o_4".
Reading "EZ_sky130_fd_sc_hd__clkbuf_1".
Reading "EZ_sky130_fd_sc_hd__or3b_4".
Reading "EZ_sky130_fd_sc_hd__and4_1".
Reading "EZ_sky130_fd_sc_hd__a41o_4".
Reading "EZ_sky130_fd_sc_hd__and3b_4".
Reading "EZ_sky130_fd_sc_hd__buf_8".
Reading "EZ_sky130_fd_sc_hd__clkbuf_16".
Reading "EZ_sky130_fd_sc_hd__dfxtp_4".
Reading "EZ_sky130_fd_sc_hd__nor2_8".
Reading "EZ_sky130_fd_sc_hd__or2_1".
Reading "EZ_sky130_fd_sc_hd__o31a_1".
Reading "EZ_sky130_fd_sc_hd__o211a_1".
Reading "EZ_sky130_fd_sc_hd__o32a_1".
Reading "EZ_sky130_fd_sc_hd__a31oi_1".
Reading "EZ_sky130_fd_sc_hd__o31ai_1".
Reading "EZ_sky130_fd_sc_hd__o211ai_4".
Reading "EZ_sky130_fd_sc_hd__a41oi_4".
Reading "EZ_sky130_fd_sc_hd__and4_2".
Reading "EZ_sky130_fd_sc_hd__xor2_1".
Reading "EZ_sky130_fd_sc_hd__or2_2".
Reading "EZ_sky130_fd_sc_hd__nor2_4".
Reading "EZ_sky130_fd_sc_hd__or3_4".
Reading "EZ_sky130_fd_sc_hd__nand2_2".
Reading "EZ_sky130_fd_sc_hd__xnor2_1".
Reading "EZ_sky130_fd_sc_hd__and3b_1".
Reading "EZ_sky130_fd_sc_hd__a31o_2".
Reading "EZ_sky130_fd_sc_hd__a21bo_1".
Reading "EZ_sky130_fd_sc_hd__a21boi_1".
Reading "EZ_sky130_fd_sc_hd__nand2b_1".
Reading "EZ_sky130_fd_sc_hd__xnor2_2".
Reading "EZ_sky130_fd_sc_hd__nand4_2".
Reading "EZ_sky130_fd_sc_hd__a41o_1".
Reading "EZ_sky130_fd_sc_hd__and4_4".
Reading "EZ_sky130_fd_sc_hd__clkbuf_2".
Reading "user_proj_example".
    5000 uses
    10000 uses
    15000 uses
    20000 uses
    25000 uses
    30000 uses
    35000 uses
    40000 uses
    45000 uses
    50000 uses
    55000 uses
    60000 uses
    65000 uses
    70000 uses
    75000 uses
    80000 uses
    85000 uses
    90000 uses
    95000 uses
    100000 uses
    105000 uses
    110000 uses
    115000 uses
    120000 uses
    125000 uses
    130000 uses
    135000 uses
    140000 uses
    145000 uses
    150000 uses
    155000 uses
    160000 uses
    165000 uses
    170000 uses
    175000 uses
    180000 uses
    185000 uses
    190000 uses
    195000 uses
    200000 uses
    205000 uses
    210000 uses
    215000 uses
    220000 uses
    225000 uses
    230000 uses
    235000 uses
    240000 uses
    245000 uses
    250000 uses
    255000 uses
    260000 uses
    265000 uses
    270000 uses
    275000 uses
    280000 uses
    285000 uses
    290000 uses
    295000 uses
    300000 uses
    305000 uses
    310000 uses
    315000 uses
    320000 uses
    325000 uses
    330000 uses
    335000 uses
    340000 uses
    345000 uses
    350000 uses
    355000 uses
    360000 uses
    365000 uses
    370000 uses
    375000 uses
    380000 uses
    385000 uses
    390000 uses
    395000 uses
    400000 uses
    405000 uses
    410000 uses
    415000 uses
    420000 uses
    425000 uses
    430000 uses
    435000 uses
    440000 uses
    445000 uses
    450000 uses
    455000 uses
    460000 uses
    465000 uses
    470000 uses
    475000 uses
    480000 uses
    485000 uses
    490000 uses
    495000 uses
    500000 uses
    505000 uses
    510000 uses
    515000 uses
    520000 uses
    525000 uses
    530000 uses
    535000 uses
    540000 uses
    545000 uses
    550000 uses
    555000 uses
Reading "user_project_wrapper".

TIME: read GDS: 00:00:12 


TIME: create subcut: 00:00:00 

Abstracting EZ_sky130_fd_sc_hd__fill_1
instance count:0 port count:5
Abstracting EZ_sky130_fd_sc_hd__fill_2
instance count:0 port count:5
Abstracting EZ_sky130_fd_sc_hd__fill_4
instance count:0 port count:5
Abstracting EZ_sky130_fd_sc_hd__fill_8
instance count:0 port count:5
Abstracting EZ_sky130_fd_sc_hd__tapvpwrvgnd_1
instance count:0 port count:3

TIME: create abstract: 00:00:00 

Using technology "sky130A", version 1.0.493

Magic 8.3 revision 471 - Compiled on Wed Apr 22 16:23:58 UTC 2026.
Starting magic under Tcl interpreter
Using the terminal as the console.
Using NULL graphics device.
Processing system .magicrc file
Sourcing design magicrc.well for technology sky130A ...
2 Magic internal units = 1 Lambda
Loading tech file /tmp/tmpg2qwmavz/repo/precheck_results/12_MAY_2026___03_50_50/tmp/sky130A.tech
Input style sky130(): scaleFactor=2, multiplier=2
The following types are not handled by extraction and will be treated as non-electrical types:
    ubm 
Scaled tech values by 2 / 1 to match internal grid scaling
Loading "/tmp/tmpg2qwmavz/repo/precheck_results/12_MAY_2026___03_50_50/tmp/ext/extract.tcl" from command line.
Extracting with top ports unique (digital)
CIF input style is now "sky130()"
Flattening 

Extracting /tmp/tmpg2qwmavz/repo/gds/user_project_wrapper.gds
Warning: Calma reading is not undoable!  I hope that's OK.
Library written using GDS-II Release 3.0
Library name: user_project_wrapper
Reading "EZ_sky130_ef_sc_hd__decap_40_12".
Reading "EZ_sky130_fd_sc_hd__decap_3".
Reading "EZ_sky130_fd_sc_hd__fill_1".
Reading "EZ_sky130_fd_sc_hd__tapvpwrvgnd_1".
Reading "EZ_sky130_fd_sc_hd__fill_2".
Reading "EZ_sky130_fd_sc_hd__fill_4".
Reading "EZ_sky130_fd_sc_hd__buf_4".
Reading "EZ_sky130_fd_sc_hd__fill_8".
Reading "EZ_sky130_fd_sc_hd__diode_2".
Reading "EZ_sky130_fd_sc_hd__buf_12".
Reading "EZ_sky130_fd_sc_hd__clkbuf_8".
Reading "EZ_sky130_fd_sc_hd__dlygate4sd3_1".
Reading "EZ_sky130_fd_sc_hd__clkbuf_4".
Reading "EZ_sky130_fd_sc_hd__buf_2".
Reading "EZ_sky130_fd_sc_hd__dfxtp_1".
Reading "EZ_sky130_fd_sc_hd__mux2_1".
Reading "EZ_sky130_fd_sc_hd__dfxtp_2".
Reading "EZ_sky130_fd_sc_hd__conb_1".
Reading "EZ_sky130_fd_sc_hd__and2_4".
Reading "EZ_sky130_fd_sc_hd__and2_2".
Reading "EZ_sky130_fd_sc_hd__nand2_8".
Reading "EZ_sky130_fd_sc_hd__nor2_2".
Reading "EZ_sky130_fd_sc_hd__inv_2".
Reading "EZ_sky130_fd_sc_hd__buf_6".
Reading "EZ_sky130_fd_sc_hd__nand3b_4".
Reading "EZ_sky130_fd_sc_hd__a211o_1".
Reading "EZ_sky130_fd_sc_hd__nor2_1".
Reading "EZ_sky130_fd_sc_hd__and3_1".
Reading "EZ_sky130_fd_sc_hd__a21oi_4".
Reading "EZ_sky130_fd_sc_hd__and2b_1".
Reading "EZ_sky130_fd_sc_hd__buf_1".
Reading "EZ_sky130_fd_sc_hd__a22o_1".
Reading "EZ_sky130_fd_sc_hd__a31o_1".
Reading "EZ_sky130_fd_sc_hd__o21a_1".
Reading "EZ_sky130_fd_sc_hd__a221o_1".
Reading "EZ_sky130_fd_sc_hd__a32o_1".
Reading "EZ_sky130_fd_sc_hd__and2_1".
Reading "EZ_sky130_fd_sc_hd__nand2_1".
Reading "EZ_sky130_fd_sc_hd__o2bb2a_1".
Reading "EZ_sky130_fd_sc_hd__a21oi_1".
Reading "EZ_sky130_fd_sc_hd__o21ai_1".
Reading "EZ_sky130_fd_sc_hd__a32o_4".
Reading "EZ_sky130_fd_sc_hd__a21o_1".
Reading "EZ_sky130_fd_sc_hd__or3b_2".
Reading "EZ_sky130_fd_sc_hd__and2b_2".
Reading "EZ_sky130_fd_sc_hd__a31o_4".
Reading "EZ_sky130_fd_sc_hd__clkbuf_1".
Reading "EZ_sky130_fd_sc_hd__or3b_4".
Reading "EZ_sky130_fd_sc_hd__and4_1".
Reading "EZ_sky130_fd_sc_hd__a41o_4".
Reading "EZ_sky130_fd_sc_hd__and3b_4".
Reading "EZ_sky130_fd_sc_hd__buf_8".
Reading "EZ_sky130_fd_sc_hd__clkbuf_16".
Reading "EZ_sky130_fd_sc_hd__dfxtp_4".
Reading "EZ_sky130_fd_sc_hd__nor2_8".
Reading "EZ_sky130_fd_sc_hd__or2_1".
Reading "EZ_sky130_fd_sc_hd__o31a_1".
Reading "EZ_sky130_fd_sc_hd__o211a_1".
Reading "EZ_sky130_fd_sc_hd__o32a_1".
Reading "EZ_sky130_fd_sc_hd__a31oi_1".
Reading "EZ_sky130_fd_sc_hd__o31ai_1".
Reading "EZ_sky130_fd_sc_hd__o211ai_4".
Reading "EZ_sky130_fd_sc_hd__a41oi_4".
Reading "EZ_sky130_fd_sc_hd__and4_2".
Reading "EZ_sky130_fd_sc_hd__xor2_1".
Reading "EZ_sky130_fd_sc_hd__or2_2".
Reading "EZ_sky130_fd_sc_hd__nor2_4".
Reading "EZ_sky130_fd_sc_hd__or3_4".
Reading "EZ_sky130_fd_sc_hd__nand2_2".
Reading "EZ_sky130_fd_sc_hd__xnor2_1".
Reading "EZ_sky130_fd_sc_hd__and3b_1".
Reading "EZ_sky130_fd_sc_hd__a31o_2".
Reading "EZ_sky130_fd_sc_hd__a21bo_1".
Reading "EZ_sky130_fd_sc_hd__a21boi_1".
Reading "EZ_sky130_fd_sc_hd__nand2b_1".
Reading "EZ_sky130_fd_sc_hd__xnor2_2".
Reading "EZ_sky130_fd_sc_hd__nand4_2".
Reading "EZ_sky130_fd_sc_hd__a41o_1".
Reading "EZ_sky130_fd_sc_hd__and4_4".
Reading "EZ_sky130_fd_sc_hd__clkbuf_2".
Reading "user_proj_example".
    5000 uses
    10000 uses
    15000 uses
    20000 uses
    25000 uses
    30000 uses
    35000 uses
    40000 uses
    45000 uses
    50000 uses
    55000 uses
    60000 uses
    65000 uses
    70000 uses
    75000 uses
    80000 uses
    85000 uses
    90000 uses
    95000 uses
    100000 uses
    105000 uses
    110000 uses
    115000 uses
    120000 uses
    125000 uses
    130000 uses
    135000 uses
    140000 uses
    145000 uses
    150000 uses
    155000 uses
    160000 uses
    165000 uses
    170000 uses
    175000 uses
    180000 uses
    185000 uses
    190000 uses
    195000 uses
    200000 uses
    205000 uses
    210000 uses
    215000 uses
    220000 uses
    225000 uses
    230000 uses
    235000 uses
    240000 uses
    245000 uses
    250000 uses
    255000 uses
    260000 uses
    265000 uses
    270000 uses
    275000 uses
    280000 uses
    285000 uses
    290000 uses
    295000 uses
    300000 uses
    305000 uses
    310000 uses
    315000 uses
    320000 uses
    325000 uses
    330000 uses
    335000 uses
    340000 uses
    345000 uses
    350000 uses
    355000 uses
    360000 uses
    365000 uses
    370000 uses
    375000 uses
    380000 uses
    385000 uses
    390000 uses
    395000 uses
    400000 uses
    405000 uses
    410000 uses
    415000 uses
    420000 uses
    425000 uses
    430000 uses
    435000 uses
    440000 uses
    445000 uses
    450000 uses
    455000 uses
    460000 uses
    465000 uses
    470000 uses
    475000 uses
    480000 uses
    485000 uses
    490000 uses
    495000 uses
    500000 uses
    505000 uses
    510000 uses
    515000 uses
    520000 uses
    525000 uses
    530000 uses
    535000 uses
    540000 uses
    545000 uses
    550000 uses
    555000 uses
Reading "user_project_wrapper".

TIME: read GDS: 00:00:12 


TIME: add subcut: 00:00:00 

Abstracting EZ_sky130_fd_sc_hd__fill_1
Abstracting EZ_sky130_fd_sc_hd__fill_2
Abstracting EZ_sky130_fd_sc_hd__fill_4
Abstracting EZ_sky130_fd_sc_hd__fill_8
Abstracting EZ_sky130_fd_sc_hd__tapvpwrvgnd_1

TIME: set abstract: 00:00:00 

Processing EZ_sky130_fd_sc_hd__decap_3
Processing EZ_sky130_ef_sc_hd__decap_40_12
Processing EZ_sky130_fd_sc_hd__buf_12
Processing EZ_sky130_fd_sc_hd__diode_2
Processing EZ_sky130_fd_sc_hd__clkbuf_2
Processing EZ_sky130_fd_sc_hd__buf_1
Processing EZ_sky130_fd_sc_hd__and2_1
Processing EZ_sky130_fd_sc_hd__and4_1
Processing EZ_sky130_fd_sc_hd__a31o_1
Processing EZ_sky130_fd_sc_hd__and3_1
Processing EZ_sky130_fd_sc_hd__and4_2
Processing EZ_sky130_fd_sc_hd__dlygate4sd3_1
Processing EZ_sky130_fd_sc_hd__nand2b_1
Processing EZ_sky130_fd_sc_hd__xor2_1
Processing EZ_sky130_fd_sc_hd__and4_4
Processing EZ_sky130_fd_sc_hd__a21oi_1
Processing EZ_sky130_fd_sc_hd__nand2_1
Processing EZ_sky130_fd_sc_hd__a41o_1
Processing EZ_sky130_fd_sc_hd__nand4_2
Processing EZ_sky130_fd_sc_hd__xnor2_1
Processing EZ_sky130_fd_sc_hd__dfxtp_4
Processing EZ_sky130_fd_sc_hd__a211o_1
Processing EZ_sky130_fd_sc_hd__a21o_1
Processing EZ_sky130_fd_sc_hd__xnor2_2
Processing EZ_sky130_fd_sc_hd__a22o_1
Processing EZ_sky130_fd_sc_hd__dfxtp_2
Processing EZ_sky130_fd_sc_hd__a21boi_1
Processing EZ_sky130_fd_sc_hd__a21bo_1
Processing EZ_sky130_fd_sc_hd__clkbuf_4
Processing EZ_sky130_fd_sc_hd__o21a_1
Processing EZ_sky130_fd_sc_hd__clkbuf_16
Processing EZ_sky130_fd_sc_hd__a31o_2
Processing EZ_sky130_fd_sc_hd__and3b_1
Processing EZ_sky130_fd_sc_hd__buf_4
Processing EZ_sky130_fd_sc_hd__inv_2
Processing EZ_sky130_fd_sc_hd__nand2_2
Processing EZ_sky130_fd_sc_hd__clkbuf_8
Processing EZ_sky130_fd_sc_hd__dfxtp_1
Processing EZ_sky130_fd_sc_hd__nor2_1
Processing EZ_sky130_fd_sc_hd__or3_4
Processing EZ_sky130_fd_sc_hd__nor2_4
Processing EZ_sky130_fd_sc_hd__or2_1
Processing EZ_sky130_fd_sc_hd__o2bb2a_1
Processing EZ_sky130_fd_sc_hd__and2b_1
Processing EZ_sky130_fd_sc_hd__or2_2
Processing EZ_sky130_fd_sc_hd__mux2_1
Processing EZ_sky130_fd_sc_hd__a41oi_4
Processing EZ_sky130_fd_sc_hd__a21oi_4
Processing EZ_sky130_fd_sc_hd__o211ai_4
Processing EZ_sky130_fd_sc_hd__o31ai_1
Processing EZ_sky130_fd_sc_hd__a31oi_1
Processing EZ_sky130_fd_sc_hd__o32a_1
Processing EZ_sky130_fd_sc_hd__o211a_1
Processing EZ_sky130_fd_sc_hd__o31a_1
Processing EZ_sky130_fd_sc_hd__nor2_8
Processing EZ_sky130_fd_sc_hd__a32o_1
Processing EZ_sky130_fd_sc_hd__conb_1
Processing EZ_sky130_fd_sc_hd__buf_8
Processing EZ_sky130_fd_sc_hd__clkbuf_1
Processing EZ_sky130_fd_sc_hd__or3b_4
Processing EZ_sky130_fd_sc_hd__and3b_4
Processing EZ_sky130_fd_sc_hd__buf_6
Processing EZ_sky130_fd_sc_hd__and2_2
Processing EZ_sky130_fd_sc_hd__a41o_4
Processing EZ_sky130_fd_sc_hd__a31o_4
Processing EZ_sky130_fd_sc_hd__and2b_2
Processing EZ_sky130_fd_sc_hd__or3b_2
Processing EZ_sky130_fd_sc_hd__a32o_4
Processing EZ_sky130_fd_sc_hd__o21ai_1
Processing EZ_sky130_fd_sc_hd__a221o_1
Processing EZ_sky130_fd_sc_hd__nand3b_4
Processing EZ_sky130_fd_sc_hd__nand2_8
Processing EZ_sky130_fd_sc_hd__and2_4
Processing EZ_sky130_fd_sc_hd__nor2_2
Processing EZ_sky130_fd_sc_hd__buf_2
Processing user_proj_example
Processing user_project_wrapper
The following types are not handled by extraction and will be treated as non-electrical types:
    ubm 
Extraction style is now "ngspice()"
Extracting EZ_sky130_fd_sc_hd__decap_3 into EZ_sky130_fd_sc_hd__decap_3.ext:
EZ_sky130_fd_sc_hd__decap_3: 2 warnings
Extracting EZ_sky130_fd_sc_hd__fill_2 into EZ_sky130_fd_sc_hd__fill_2.ext:
Extracting EZ_sky130_fd_sc_hd__tapvpwrvgnd_1 into EZ_sky130_fd_sc_hd__tapvpwrvgnd_1.ext:
Extracting EZ_sky130_fd_sc_hd__fill_8 into EZ_sky130_fd_sc_hd__fill_8.ext:
Extracting EZ_sky130_fd_sc_hd__fill_1 into EZ_sky130_fd_sc_hd__fill_1.ext:
Extracting EZ_sky130_ef_sc_hd__decap_40_12 into EZ_sky130_ef_sc_hd__decap_40_12.ext:
EZ_sky130_ef_sc_hd__decap_40_12: 2 warnings
Extracting EZ_sky130_fd_sc_hd__fill_4 into EZ_sky130_fd_sc_hd__fill_4.ext:
Extracting EZ_sky130_fd_sc_hd__buf_12 into EZ_sky130_fd_sc_hd__buf_12.ext:
Extracting EZ_sky130_fd_sc_hd__diode_2 into EZ_sky130_fd_sc_hd__diode_2.ext:
EZ_sky130_fd_sc_hd__diode_2: 1 warning
Extracting EZ_sky130_fd_sc_hd__clkbuf_2 into EZ_sky130_fd_sc_hd__clkbuf_2.ext:
Extracting EZ_sky130_fd_sc_hd__buf_1 into EZ_sky130_fd_sc_hd__buf_1.ext:
Extracting EZ_sky130_fd_sc_hd__and2_1 into EZ_sky130_fd_sc_hd__and2_1.ext:
Extracting EZ_sky130_fd_sc_hd__and4_1 into EZ_sky130_fd_sc_hd__and4_1.ext:
Extracting EZ_sky130_fd_sc_hd__a31o_1 into EZ_sky130_fd_sc_hd__a31o_1.ext:
Extracting EZ_sky130_fd_sc_hd__and3_1 into EZ_sky130_fd_sc_hd__and3_1.ext:
Extracting EZ_sky130_fd_sc_hd__and4_2 into EZ_sky130_fd_sc_hd__and4_2.ext:
Extracting EZ_sky130_fd_sc_hd__dlygate4sd3_1 into EZ_sky130_fd_sc_hd__dlygate4sd3_1.ext:
Extracting EZ_sky130_fd_sc_hd__nand2b_1 into EZ_sky130_fd_sc_hd__nand2b_1.ext:
Extracting EZ_sky130_fd_sc_hd__xor2_1 into EZ_sky130_fd_sc_hd__xor2_1.ext:
Extracting EZ_sky130_fd_sc_hd__and4_4 into EZ_sky130_fd_sc_hd__and4_4.ext:
Extracting EZ_sky130_fd_sc_hd__a21oi_1 into EZ_sky130_fd_sc_hd__a21oi_1.ext:
Extracting EZ_sky130_fd_sc_hd__nand2_1 into EZ_sky130_fd_sc_hd__nand2_1.ext:
Extracting EZ_sky130_fd_sc_hd__a41o_1 into EZ_sky130_fd_sc_hd__a41o_1.ext:
Extracting EZ_sky130_fd_sc_hd__nand4_2 into EZ_sky130_fd_sc_hd__nand4_2.ext:
Extracting EZ_sky130_fd_sc_hd__xnor2_1 into EZ_sky130_fd_sc_hd__xnor2_1.ext:
Extracting EZ_sky130_fd_sc_hd__dfxtp_4 into EZ_sky130_fd_sc_hd__dfxtp_4.ext:
Extracting EZ_sky130_fd_sc_hd__a211o_1 into EZ_sky130_fd_sc_hd__a211o_1.ext:
Extracting EZ_sky130_fd_sc_hd__a21o_1 into EZ_sky130_fd_sc_hd__a21o_1.ext:
Extracting EZ_sky130_fd_sc_hd__xnor2_2 into EZ_sky130_fd_sc_hd__xnor2_2.ext:
Extracting EZ_sky130_fd_sc_hd__a22o_1 into EZ_sky130_fd_sc_hd__a22o_1.ext:
Extracting EZ_sky130_fd_sc_hd__dfxtp_2 into EZ_sky130_fd_sc_hd__dfxtp_2.ext:
Extracting EZ_sky130_fd_sc_hd__a21boi_1 into EZ_sky130_fd_sc_hd__a21boi_1.ext:
Extracting EZ_sky130_fd_sc_hd__a21bo_1 into EZ_sky130_fd_sc_hd__a21bo_1.ext:
Extracting EZ_sky130_fd_sc_hd__clkbuf_4 into EZ_sky130_fd_sc_hd__clkbuf_4.ext:
Extracting EZ_sky130_fd_sc_hd__o21a_1 into EZ_sky130_fd_sc_hd__o21a_1.ext:
Extracting EZ_sky130_fd_sc_hd__clkbuf_16 into EZ_sky130_fd_sc_hd__clkbuf_16.ext:
Extracting EZ_sky130_fd_sc_hd__a31o_2 into EZ_sky130_fd_sc_hd__a31o_2.ext:
Extracting EZ_sky130_fd_sc_hd__and3b_1 into EZ_sky130_fd_sc_hd__and3b_1.ext:
Extracting EZ_sky130_fd_sc_hd__buf_4 into EZ_sky130_fd_sc_hd__buf_4.ext:
Extracting EZ_sky130_fd_sc_hd__inv_2 into EZ_sky130_fd_sc_hd__inv_2.ext:
Extracting EZ_sky130_fd_sc_hd__nand2_2 into EZ_sky130_fd_sc_hd__nand2_2.ext:
Extracting EZ_sky130_fd_sc_hd__clkbuf_8 into EZ_sky130_fd_sc_hd__clkbuf_8.ext:
Extracting EZ_sky130_fd_sc_hd__dfxtp_1 into EZ_sky130_fd_sc_hd__dfxtp_1.ext:
Extracting EZ_sky130_fd_sc_hd__nor2_1 into EZ_sky130_fd_sc_hd__nor2_1.ext:
Extracting EZ_sky130_fd_sc_hd__or3_4 into EZ_sky130_fd_sc_hd__or3_4.ext:
Extracting EZ_sky130_fd_sc_hd__nor2_4 into EZ_sky130_fd_sc_hd__nor2_4.ext:
Extracting EZ_sky130_fd_sc_hd__or2_1 into EZ_sky130_fd_sc_hd__or2_1.ext:
Extracting EZ_sky130_fd_sc_hd__o2bb2a_1 into EZ_sky130_fd_sc_hd__o2bb2a_1.ext:
Extracting EZ_sky130_fd_sc_hd__and2b_1 into EZ_sky130_fd_sc_hd__and2b_1.ext:
Extracting EZ_sky130_fd_sc_hd__or2_2 into EZ_sky130_fd_sc_hd__or2_2.ext:
Extracting EZ_sky130_fd_sc_hd__mux2_1 into EZ_sky130_fd_sc_hd__mux2_1.ext:
Extracting EZ_sky130_fd_sc_hd__a41oi_4 into EZ_sky130_fd_sc_hd__a41oi_4.ext:
Extracting EZ_sky130_fd_sc_hd__a21oi_4 into EZ_sky130_fd_sc_hd__a21oi_4.ext:
Extracting EZ_sky130_fd_sc_hd__o211ai_4 into EZ_sky130_fd_sc_hd__o211ai_4.ext:
Extracting EZ_sky130_fd_sc_hd__o31ai_1 into EZ_sky130_fd_sc_hd__o31ai_1.ext:
Extracting EZ_sky130_fd_sc_hd__a31oi_1 into EZ_sky130_fd_sc_hd__a31oi_1.ext:
Extracting EZ_sky130_fd_sc_hd__o32a_1 into EZ_sky130_fd_sc_hd__o32a_1.ext:
Extracting EZ_sky130_fd_sc_hd__o211a_1 into EZ_sky130_fd_sc_hd__o211a_1.ext:
Extracting EZ_sky130_fd_sc_hd__o31a_1 into EZ_sky130_fd_sc_hd__o31a_1.ext:
Extracting EZ_sky130_fd_sc_hd__nor2_8 into EZ_sky130_fd_sc_hd__nor2_8.ext:
Extracting EZ_sky130_fd_sc_hd__a32o_1 into EZ_sky130_fd_sc_hd__a32o_1.ext:
Extracting EZ_sky130_fd_sc_hd__conb_1 into EZ_sky130_fd_sc_hd__conb_1.ext:
Extracting EZ_sky130_fd_sc_hd__buf_8 into EZ_sky130_fd_sc_hd__buf_8.ext:
Extracting EZ_sky130_fd_sc_hd__clkbuf_1 into EZ_sky130_fd_sc_hd__clkbuf_1.ext:
Extracting EZ_sky130_fd_sc_hd__or3b_4 into EZ_sky130_fd_sc_hd__or3b_4.ext:
Extracting EZ_sky130_fd_sc_hd__and3b_4 into EZ_sky130_fd_sc_hd__and3b_4.ext:
Extracting EZ_sky130_fd_sc_hd__buf_6 into EZ_sky130_fd_sc_hd__buf_6.ext:
Extracting EZ_sky130_fd_sc_hd__and2_2 into EZ_sky130_fd_sc_hd__and2_2.ext:
Extracting EZ_sky130_fd_sc_hd__a41o_4 into EZ_sky130_fd_sc_hd__a41o_4.ext:
Extracting EZ_sky130_fd_sc_hd__a31o_4 into EZ_sky130_fd_sc_hd__a31o_4.ext:
Extracting EZ_sky130_fd_sc_hd__and2b_2 into EZ_sky130_fd_sc_hd__and2b_2.ext:
Extracting EZ_sky130_fd_sc_hd__or3b_2 into EZ_sky130_fd_sc_hd__or3b_2.ext:
Extracting EZ_sky130_fd_sc_hd__a32o_4 into EZ_sky130_fd_sc_hd__a32o_4.ext:
Extracting EZ_sky130_fd_sc_hd__o21ai_1 into EZ_sky130_fd_sc_hd__o21ai_1.ext:
Extracting EZ_sky130_fd_sc_hd__a221o_1 into EZ_sky130_fd_sc_hd__a221o_1.ext:
Extracting EZ_sky130_fd_sc_hd__nand3b_4 into EZ_sky130_fd_sc_hd__nand3b_4.ext:
Extracting EZ_sky130_fd_sc_hd__nand2_8 into EZ_sky130_fd_sc_hd__nand2_8.ext:
Extracting EZ_sky130_fd_sc_hd__and2_4 into EZ_sky130_fd_sc_hd__and2_4.ext:
Extracting EZ_sky130_fd_sc_hd__nor2_2 into EZ_sky130_fd_sc_hd__nor2_2.ext:
Extracting EZ_sky130_fd_sc_hd__buf_2 into EZ_sky130_fd_sc_hd__buf_2.ext:
Extracting user_proj_example into user_proj_example.ext:
Extracting user_project_wrapper into user_project_wrapper.ext:
Total of 5 warnings.

TIME: extract: 00:07:58 

Devs merged: 0
Devs merged: 0
Devs merged: 0
Devs merged: 0
Devs merged: 0
Devs merged: 0
Devs merged: 0
Devs merged: 0
Devs merged: 28
Devs merged: 28
Devs merged: 28
Devs merged: 28
Devs merged: 34
Devs merged: 34
Devs merged: 34
Devs merged: 34
Devs merged: 34
Devs merged: 34
Devs merged: 40
Devs merged: 40
Devs merged: 46
Devs merged: 46
Devs merged: 46
Devs merged: 62
Devs merged: 62
Devs merged: 73
Devs merged: 79
Devs merged: 81
Devs merged: 81
Devs merged: 97
Devs merged: 97
Devs merged: 97
Devs merged: 103
Devs merged: 133
Devs merged: 133
Devs merged: 135
Devs merged: 171
Devs merged: 173
Devs merged: 175
Devs merged: 183
Devs merged: 183
Devs merged: 185
Devs merged: 185
Devs merged: 191
Devs merged: 191
Devs merged: 209
Devs merged: 209
Devs merged: 225
Devs merged: 225
Devs merged: 227
Devs merged: 229
Devs merged: 229
Devs merged: 233
Devs merged: 233
Devs merged: 233
Devs merged: 235
Devs merged: 241
Devs merged: 241
Devs merged: 259
Devs merged: 271
Devs merged: 271
Devs merged: 299
Devs merged: 305
Devs merged: 323
Devs merged: 327
Devs merged: 327
Devs merged: 337
Devs merged: 365
Devs merged: 385
Devs merged: 385
Devs merged: 387
Devs merged: 387
Devs merged: 399
Devs merged: 401
Devs merged: 401
Devs merged: 401
Devs merged: 401
exttospice finished.

TIME: netlist: 00:00:46 

Using technology "sky130A", version 1.0.493
Creating layout hierarchy in /tmp/tmpg2qwmavz/repo/precheck_results/12_MAY_2026___03_50_50/tmp/ext/user_project_wrapper.hier...
 
Netgen 1.5.272 compiled on Wed Apr 22 16:24:02 UTC 2026
Warning: netgen command 'format' use fully-qualified name '::netgen::format'
Warning: netgen command 'global' use fully-qualified name '::netgen::global'
Reading layout /tmp/tmpg2qwmavz/repo/precheck_results/12_MAY_2026___03_50_50/tmp/ext/user_project_wrapper.gds.spice...
Call to undefined subcircuit sky130_fd_pr__pfet_01v8_hvt
Creating placeholder cell definition.
Call to undefined subcircuit sky130_fd_pr__nfet_01v8
Creating placeholder cell definition.
Call to undefined subcircuit sky130_fd_pr__diode_pw2nd_05v5
Creating placeholder cell definition.
Call to undefined subcircuit sky130_fd_pr__res_generic_po
Creating placeholder cell definition.
Call to undefined subcircuit sky130_fd_pr__special_nfet_01v8
Creating placeholder cell definition.
Reading source /opt/pdks/sky130A/libs.ref/sky130_fd_sc_hd/spice/sky130_ef_sc_hd__decap_12.spice...
Call to undefined subcircuit sky130_fd_pr__pfet_01v8_hvt
Creating placeholder cell definition.
Call to undefined subcircuit sky130_fd_pr__nfet_01v8
Creating placeholder cell definition.
Reading source /opt/pdks/sky130A/libs.ref/sky130_fd_sc_hd/spice/sky130_ef_sc_hd__decap_20_12.spice...
Reading source /opt/pdks/sky130A/libs.ref/sky130_fd_sc_hd/spice/sky130_ef_sc_hd__decap_40_12.spice...
Reading source /opt/pdks/sky130A/libs.ref/sky130_fd_sc_hd/spice/sky130_ef_sc_hd__decap_60_12.spice...
Reading source /opt/pdks/sky130A/libs.ref/sky130_fd_sc_hd/spice/sky130_ef_sc_hd__decap_80_12.spice...
Reading source /opt/pdks/sky130A/libs.ref/sky130_fd_sc_hd/spice/sky130_fd_sc_hd.spice...
Call to undefined subcircuit sky130_fd_pr__res_generic_po
Creating placeholder cell definition.
Call to undefined subcircuit sky130_fd_pr__special_nfet_01v8
Creating placeholder cell definition.
Call to undefined subcircuit sky130_fd_pr__diode_pw2nd_05v5
Creating placeholder cell definition.
Call to undefined subcircuit sky130_fd_pr__special_pfet_01v8_hvt
Creating placeholder cell definition.
Call to undefined subcircuit sky130_fd_sc_hd__nand2_2
Creating placeholder cell definition.
Call to undefined subcircuit sky130_fd_sc_hd__nor2_2
Creating placeholder cell definition.
Reading source /tmp/tmpg2qwmavz/repo/verilog/gl/user_proj_example.v...
Warning:  A case-insensitive file has been read and so the	verilog file must be treated case-insensitive to match.
Note:  Implicit pin HI in instance user_proj_example_142 of sky130_fd_sc_hd__conb_1 in cell user_proj_example
Note:  Implicit pin HI in instance user_proj_example_143 of sky130_fd_sc_hd__conb_1 in cell user_proj_example
Note:  Implicit pin HI in instance user_proj_example_144 of sky130_fd_sc_hd__conb_1 in cell user_proj_example
Note:  Implicit pin HI in instance user_proj_example_145 of sky130_fd_sc_hd__conb_1 in cell user_proj_example
Note:  Implicit pin HI in instance user_proj_example_146 of sky130_fd_sc_hd__conb_1 in cell user_proj_example
Note:  Implicit pin HI in instance user_proj_example_147 of sky130_fd_sc_hd__conb_1 in cell user_proj_example
Note:  Implicit pin HI in instance user_proj_example_148 of sky130_fd_sc_hd__conb_1 in cell user_proj_example
Note:  Implicit pin HI in instance user_proj_example_149 of sky130_fd_sc_hd__conb_1 in cell user_proj_example
Note:  Implicit pin HI in instance user_proj_example_150 of sky130_fd_sc_hd__conb_1 in cell user_proj_example
Note:  Implicit pin HI in instance user_proj_example_151 of sky130_fd_sc_hd__conb_1 in cell user_proj_example
Note:  Implicit pin HI in instance user_proj_example_152 of sky130_fd_sc_hd__conb_1 in cell user_proj_example
Note:  Implicit pin HI in instance user_proj_example_153 of sky130_fd_sc_hd__conb_1 in cell user_proj_example
Note:  Implicit pin HI in instance user_proj_example_154 of sky130_fd_sc_hd__conb_1 in cell user_proj_example
Note:  Implicit pin HI in instance user_proj_example_155 of sky130_fd_sc_hd__conb_1 in cell user_proj_example
Note:  Implicit pin HI in instance user_proj_example_156 of sky130_fd_sc_hd__conb_1 in cell user_proj_example
Note:  Implicit pin HI in instance user_proj_example_157 of sky130_fd_sc_hd__conb_1 in cell user_proj_example
Note:  Implicit pin HI in instance user_proj_example_158 of sky130_fd_sc_hd__conb_1 in cell user_proj_example
Note:  Implicit pin HI in instance user_proj_example_159 of sky130_fd_sc_hd__conb_1 in cell user_proj_example
Note:  Implicit pin HI in instance user_proj_example_160 of sky130_fd_sc_hd__conb_1 in cell user_proj_example
Note:  Implicit pin HI in instance user_proj_example_161 of sky130_fd_sc_hd__conb_1 in cell user_proj_example
Note:  Implicit pin HI in instance user_proj_example_162 of sky130_fd_sc_hd__conb_1 in cell user_proj_example
Note:  Implicit pin HI in instance user_proj_example_163 of sky130_fd_sc_hd__conb_1 in cell user_proj_example
Note:  Implicit pin HI in instance user_proj_example_164 of sky130_fd_sc_hd__conb_1 in cell user_proj_example
Note:  Implicit pin HI in instance user_proj_example_165 of sky130_fd_sc_hd__conb_1 in cell user_proj_example
Note:  Implicit pin HI in instance user_proj_example_166 of sky130_fd_sc_hd__conb_1 in cell user_proj_example
Note:  Implicit pin HI in instance user_proj_example_167 of sky130_fd_sc_hd__conb_1 in cell user_proj_example
Note:  Implicit pin HI in instance user_proj_example_168 of sky130_fd_sc_hd__conb_1 in cell user_proj_example
Note:  Implicit pin HI in instance user_proj_example_169 of sky130_fd_sc_hd__conb_1 in cell user_proj_example
Note:  Implicit pin HI in instance user_proj_example_170 of sky130_fd_sc_hd__conb_1 in cell user_proj_example
Note:  Implicit pin HI in instance user_proj_example_171 of sky130_fd_sc_hd__conb_1 in cell user_proj_example
Note:  Implicit pin HI in instance user_proj_example_172 of sky130_fd_sc_hd__conb_1 in cell user_proj_example
Note:  Implicit pin HI in instance user_proj_example_173 of sky130_fd_sc_hd__conb_1 in cell user_proj_example
Note:  Implicit pin HI in instance user_proj_example_174 of sky130_fd_sc_hd__conb_1 in cell user_proj_example
Note:  Implicit pin HI in instance user_proj_example_175 of sky130_fd_sc_hd__conb_1 in cell user_proj_example
Note:  Implicit pin HI in instance user_proj_example_176 of sky130_fd_sc_hd__conb_1 in cell user_proj_example
Note:  Implicit pin HI in instance user_proj_example_177 of sky130_fd_sc_hd__conb_1 in cell user_proj_example
Note:  Implicit pin HI in instance user_proj_example_178 of sky130_fd_sc_hd__conb_1 in cell user_proj_example
Note:  Implicit pin HI in instance user_proj_example_179 of sky130_fd_sc_hd__conb_1 in cell user_proj_example
Note:  Implicit pin HI in instance user_proj_example_180 of sky130_fd_sc_hd__conb_1 in cell user_proj_example
Note:  Implicit pin HI in instance user_proj_example_181 of sky130_fd_sc_hd__conb_1 in cell user_proj_example
Note:  Implicit pin HI in instance user_proj_example_182 of sky130_fd_sc_hd__conb_1 in cell user_proj_example
Note:  Implicit pin HI in instance user_proj_example_183 of sky130_fd_sc_hd__conb_1 in cell user_proj_example
Note:  Implicit pin HI in instance user_proj_example_184 of sky130_fd_sc_hd__conb_1 in cell user_proj_example
Note:  Implicit pin HI in instance user_proj_example_185 of sky130_fd_sc_hd__conb_1 in cell user_proj_example
Note:  Implicit pin HI in instance user_proj_example_186 of sky130_fd_sc_hd__conb_1 in cell user_proj_example
Note:  Implicit pin HI in instance user_proj_example_187 of sky130_fd_sc_hd__conb_1 in cell user_proj_example
Note:  Implicit pin HI in instance user_proj_example_188 of sky130_fd_sc_hd__conb_1 in cell user_proj_example
Note:  Implicit pin HI in instance user_proj_example_189 of sky130_fd_sc_hd__conb_1 in cell user_proj_example
Note:  Implicit pin HI in instance user_proj_example_190 of sky130_fd_sc_hd__conb_1 in cell user_proj_example
Note:  Implicit pin HI in instance user_proj_example_191 of sky130_fd_sc_hd__conb_1 in cell user_proj_example
Note:  Implicit pin HI in instance user_proj_example_192 of sky130_fd_sc_hd__conb_1 in cell user_proj_example
Note:  Implicit pin HI in instance user_proj_example_193 of sky130_fd_sc_hd__conb_1 in cell user_proj_example
Note:  Implicit pin HI in instance user_proj_example_194 of sky130_fd_sc_hd__conb_1 in cell user_proj_example
Note:  Implicit pin HI in instance user_proj_example_195 of sky130_fd_sc_hd__conb_1 in cell user_proj_example
Note:  Implicit pin HI in instance user_proj_example_196 of sky130_fd_sc_hd__conb_1 in cell user_proj_example
Note:  Implicit pin HI in instance user_proj_example_197 of sky130_fd_sc_hd__conb_1 in cell user_proj_example
Note:  Implicit pin HI in instance user_proj_example_198 of sky130_fd_sc_hd__conb_1 in cell user_proj_example
Note:  Implicit pin HI in instance user_proj_example_199 of sky130_fd_sc_hd__conb_1 in cell user_proj_example
Note:  Implicit pin HI in instance user_proj_example_200 of sky130_fd_sc_hd__conb_1 in cell user_proj_example
Note:  Implicit pin HI in instance user_proj_example_201 of sky130_fd_sc_hd__conb_1 in cell user_proj_example
Note:  Implicit pin HI in instance user_proj_example_202 of sky130_fd_sc_hd__conb_1 in cell user_proj_example
Note:  Implicit pin HI in instance user_proj_example_203 of sky130_fd_sc_hd__conb_1 in cell user_proj_example
Note:  Implicit pin HI in instance user_proj_example_204 of sky130_fd_sc_hd__conb_1 in cell user_proj_example
Note:  Implicit pin HI in instance user_proj_example_205 of sky130_fd_sc_hd__conb_1 in cell user_proj_example
Note:  Implicit pin HI in instance user_proj_example_206 of sky130_fd_sc_hd__conb_1 in cell user_proj_example
Note:  Implicit pin HI in instance user_proj_example_207 of sky130_fd_sc_hd__conb_1 in cell user_proj_example
Note:  Implicit pin HI in instance user_proj_example_208 of sky130_fd_sc_hd__conb_1 in cell user_proj_example
Note:  Implicit pin HI in instance user_proj_example_209 of sky130_fd_sc_hd__conb_1 in cell user_proj_example
Note:  Implicit pin HI in instance user_proj_example_210 of sky130_fd_sc_hd__conb_1 in cell user_proj_example
Note:  Implicit pin HI in instance user_proj_example_211 of sky130_fd_sc_hd__conb_1 in cell user_proj_example
Note:  Implicit pin HI in instance user_proj_example_212 of sky130_fd_sc_hd__conb_1 in cell user_proj_example
Note:  Implicit pin HI in instance user_proj_example_213 of sky130_fd_sc_hd__conb_1 in cell user_proj_example
Note:  Implicit pin HI in instance user_proj_example_214 of sky130_fd_sc_hd__conb_1 in cell user_proj_example
Note:  Implicit pin HI in instance user_proj_example_215 of sky130_fd_sc_hd__conb_1 in cell user_proj_example
Note:  Implicit pin HI in instance user_proj_example_216 of sky130_fd_sc_hd__conb_1 in cell user_proj_example
Note:  Implicit pin HI in instance user_proj_example_217 of sky130_fd_sc_hd__conb_1 in cell user_proj_example
Note:  Implicit pin HI in instance user_proj_example_218 of sky130_fd_sc_hd__conb_1 in cell user_proj_example
Note:  Implicit pin HI in instance user_proj_example_219 of sky130_fd_sc_hd__conb_1 in cell user_proj_example
Note:  Implicit pin HI in instance user_proj_example_220 of sky130_fd_sc_hd__conb_1 in cell user_proj_example
Note:  Implicit pin HI in instance user_proj_example_221 of sky130_fd_sc_hd__conb_1 in cell user_proj_example
Note:  Implicit pin HI in instance user_proj_example_222 of sky130_fd_sc_hd__conb_1 in cell user_proj_example
Note:  Implicit pin HI in instance user_proj_example_223 of sky130_fd_sc_hd__conb_1 in cell user_proj_example
Note:  Implicit pin HI in instance user_proj_example_224 of sky130_fd_sc_hd__conb_1 in cell user_proj_example
Note:  Implicit pin HI in instance user_proj_example_225 of sky130_fd_sc_hd__conb_1 in cell user_proj_example
Note:  Implicit pin HI in instance user_proj_example_226 of sky130_fd_sc_hd__conb_1 in cell user_proj_example
Note:  Implicit pin HI in instance user_proj_example_227 of sky130_fd_sc_hd__conb_1 in cell user_proj_example
Note:  Implicit pin HI in instance user_proj_example_228 of sky130_fd_sc_hd__conb_1 in cell user_proj_example
Note:  Implicit pin HI in instance user_proj_example_229 of sky130_fd_sc_hd__conb_1 in cell user_proj_example
Note:  Implicit pin HI in instance user_proj_example_230 of sky130_fd_sc_hd__conb_1 in cell user_proj_example
Note:  Implicit pin HI in instance user_proj_example_231 of sky130_fd_sc_hd__conb_1 in cell user_proj_example
Note:  Implicit pin HI in instance user_proj_example_232 of sky130_fd_sc_hd__conb_1 in cell user_proj_example
Note:  Implicit pin HI in instance user_proj_example_233 of sky130_fd_sc_hd__conb_1 in cell user_proj_example
Note:  Implicit pin HI in instance user_proj_example_234 of sky130_fd_sc_hd__conb_1 in cell user_proj_example
Note:  Implicit pin HI in instance user_proj_example_235 of sky130_fd_sc_hd__conb_1 in cell user_proj_example
Note:  Implicit pin HI in instance user_proj_example_236 of sky130_fd_sc_hd__conb_1 in cell user_proj_example
Note:  Implicit pin HI in instance user_proj_example_237 of sky130_fd_sc_hd__conb_1 in cell user_proj_example
Note:  Implicit pin HI in instance user_proj_example_238 of sky130_fd_sc_hd__conb_1 in cell user_proj_example
Note:  Implicit pin HI in instance user_proj_example_239 of sky130_fd_sc_hd__conb_1 in cell user_proj_example
Note:  Implicit pin HI in instance user_proj_example_240 of sky130_fd_sc_hd__conb_1 in cell user_proj_example
Note:  Implicit pin HI in instance user_proj_example_241 of sky130_fd_sc_hd__conb_1 in cell user_proj_example
Note:  Implicit pin HI in instance user_proj_example_242 of sky130_fd_sc_hd__conb_1 in cell user_proj_example
Note:  Implicit pin HI in instance user_proj_example_243 of sky130_fd_sc_hd__conb_1 in cell user_proj_example
Note:  Implicit pin HI in instance user_proj_example_244 of sky130_fd_sc_hd__conb_1 in cell user_proj_example
Note:  Implicit pin HI in instance user_proj_example_245 of sky130_fd_sc_hd__conb_1 in cell user_proj_example
Note:  Implicit pin HI in instance user_proj_example_246 of sky130_fd_sc_hd__conb_1 in cell user_proj_example
Note:  Implicit pin HI in instance user_proj_example_247 of sky130_fd_sc_hd__conb_1 in cell user_proj_example
Note:  Implicit pin HI in instance user_proj_example_248 of sky130_fd_sc_hd__conb_1 in cell user_proj_example
Note:  Implicit pin HI in instance user_proj_example_249 of sky130_fd_sc_hd__conb_1 in cell user_proj_example
Note:  Implicit pin HI in instance user_proj_example_250 of sky130_fd_sc_hd__conb_1 in cell user_proj_example
Note:  Implicit pin HI in instance user_proj_example_251 of sky130_fd_sc_hd__conb_1 in cell user_proj_example
Note:  Implicit pin HI in instance user_proj_example_252 of sky130_fd_sc_hd__conb_1 in cell user_proj_example
Note:  Implicit pin HI in instance user_proj_example_253 of sky130_fd_sc_hd__conb_1 in cell user_proj_example
Note:  Implicit pin HI in instance user_proj_example_254 of sky130_fd_sc_hd__conb_1 in cell user_proj_example
Note:  Implicit pin HI in instance user_proj_example_255 of sky130_fd_sc_hd__conb_1 in cell user_proj_example
Note:  Implicit pin HI in instance user_proj_example_256 of sky130_fd_sc_hd__conb_1 in cell user_proj_example
Note:  Implicit pin HI in instance user_proj_example_257 of sky130_fd_sc_hd__conb_1 in cell user_proj_example
Note:  Implicit pin HI in instance user_proj_example_258 of sky130_fd_sc_hd__conb_1 in cell user_proj_example
Note:  Implicit pin HI in instance user_proj_example_259 of sky130_fd_sc_hd__conb_1 in cell user_proj_example
Note:  Implicit pin HI in instance user_proj_example_260 of sky130_fd_sc_hd__conb_1 in cell user_proj_example
Note:  Implicit pin HI in instance user_proj_example_261 of sky130_fd_sc_hd__conb_1 in cell user_proj_example
Note:  Implicit pin HI in instance user_proj_example_262 of sky130_fd_sc_hd__conb_1 in cell user_proj_example
Note:  Implicit pin HI in instance user_proj_example_263 of sky130_fd_sc_hd__conb_1 in cell user_proj_example
Note:  Implicit pin HI in instance user_proj_example_264 of sky130_fd_sc_hd__conb_1 in cell user_proj_example
Note:  Implicit pin HI in instance user_proj_example_265 of sky130_fd_sc_hd__conb_1 in cell user_proj_example
Note:  Implicit pin HI in instance user_proj_example_266 of sky130_fd_sc_hd__conb_1 in cell user_proj_example
Note:  Implicit pin HI in instance user_proj_example_267 of sky130_fd_sc_hd__conb_1 in cell user_proj_example
Note:  Implicit pin HI in instance user_proj_example_268 of sky130_fd_sc_hd__conb_1 in cell user_proj_example
Note:  Implicit pin HI in instance user_proj_example_269 of sky130_fd_sc_hd__conb_1 in cell user_proj_example
Note:  Implicit pin HI in instance user_proj_example_270 of sky130_fd_sc_hd__conb_1 in cell user_proj_example
Note:  Implicit pin HI in instance user_proj_example_271 of sky130_fd_sc_hd__conb_1 in cell user_proj_example
Note:  Implicit pin HI in instance user_proj_example_141 of sky130_fd_sc_hd__conb_1 in cell user_proj_example
Note:  Implicit pin X in instance clkload0 of sky130_fd_sc_hd__clkbuf_8 in cell user_proj_example
Note:  Implicit pin X in instance clkload1 of sky130_fd_sc_hd__clkbuf_4 in cell user_proj_example
Note:  Implicit pin X in instance clkload2 of sky130_fd_sc_hd__clkbuf_4 in cell user_proj_example
Reading source /tmp/tmpg2qwmavz/repo/verilog/gl/user_project_wrapper.v...
Warning:  A case-insensitive file has been read and so the	verilog file must be treated case-insensitive to match.
Treating empty subcircuits as black-box cells
Generating JSON file result

Reading setup file /tmp/tmpg2qwmavz/repo/precheck_results/12_MAY_2026___03_50_50/tmp/sky130A_setup.tcl

Model sky130_fd_pr__res_generic_po pin 1 == 2
No property value found for device sky130_fd_pr__res_generic_po
No property mult found for device sky130_fd_pr__res_generic_po
Model sky130_fd_pr__res_generic_po pin 1 == 2
No property value found for device sky130_fd_pr__res_generic_po
No property mult found for device sky130_fd_pr__res_generic_po
Model sky130_fd_pr__nfet_01v8 pin 1 == 3
No property mult found for device sky130_fd_pr__nfet_01v8
No property sa found for device sky130_fd_pr__nfet_01v8
No property sb found for device sky130_fd_pr__nfet_01v8
No property sd found for device sky130_fd_pr__nfet_01v8
No property nf found for device sky130_fd_pr__nfet_01v8
No property nrd found for device sky130_fd_pr__nfet_01v8
No property nrs found for device sky130_fd_pr__nfet_01v8
No property area found for device sky130_fd_pr__nfet_01v8
No property perim found for device sky130_fd_pr__nfet_01v8
No property topography found for device sky130_fd_pr__nfet_01v8
Model sky130_fd_pr__nfet_01v8 pin 1 == 3
No property mult found for device sky130_fd_pr__nfet_01v8
No property sa found for device sky130_fd_pr__nfet_01v8
No property sb found for device sky130_fd_pr__nfet_01v8
No property sd found for device sky130_fd_pr__nfet_01v8
No property nf found for device sky130_fd_pr__nfet_01v8
No property nrd found for device sky130_fd_pr__nfet_01v8
No property nrs found for device sky130_fd_pr__nfet_01v8
No property area found for device sky130_fd_pr__nfet_01v8
No property perim found for device sky130_fd_pr__nfet_01v8
No property topography found for device sky130_fd_pr__nfet_01v8
Model sky130_fd_pr__pfet_01v8_hvt pin 1 == 3
No property mult found for device sky130_fd_pr__pfet_01v8_hvt
No property sa found for device sky130_fd_pr__pfet_01v8_hvt
No property sb found for device sky130_fd_pr__pfet_01v8_hvt
No property sd found for device sky130_fd_pr__pfet_01v8_hvt
No property nf found for device sky130_fd_pr__pfet_01v8_hvt
No property nrd found for device sky130_fd_pr__pfet_01v8_hvt
No property nrs found for device sky130_fd_pr__pfet_01v8_hvt
No property area found for device sky130_fd_pr__pfet_01v8_hvt
No property perim found for device sky130_fd_pr__pfet_01v8_hvt
No property topography found for device sky130_fd_pr__pfet_01v8_hvt
Model sky130_fd_pr__pfet_01v8_hvt pin 1 == 3
No property mult found for device sky130_fd_pr__pfet_01v8_hvt
No property sa found for device sky130_fd_pr__pfet_01v8_hvt
No property sb found for device sky130_fd_pr__pfet_01v8_hvt
No property sd found for device sky130_fd_pr__pfet_01v8_hvt
No property nf found for device sky130_fd_pr__pfet_01v8_hvt
No property nrd found for device sky130_fd_pr__pfet_01v8_hvt
No property nrs found for device sky130_fd_pr__pfet_01v8_hvt
No property area found for device sky130_fd_pr__pfet_01v8_hvt
No property perim found for device sky130_fd_pr__pfet_01v8_hvt
No property topography found for device sky130_fd_pr__pfet_01v8_hvt
Model sky130_fd_pr__special_nfet_01v8 pin 1 == 3
No property mult found for device sky130_fd_pr__special_nfet_01v8
No property sa found for device sky130_fd_pr__special_nfet_01v8
No property sb found for device sky130_fd_pr__special_nfet_01v8
No property sd found for device sky130_fd_pr__special_nfet_01v8
No property nf found for device sky130_fd_pr__special_nfet_01v8
No property nrd found for device sky130_fd_pr__special_nfet_01v8
No property nrs found for device sky130_fd_pr__special_nfet_01v8
No property area found for device sky130_fd_pr__special_nfet_01v8
No property perim found for device sky130_fd_pr__special_nfet_01v8
No property topography found for device sky130_fd_pr__special_nfet_01v8
Model sky130_fd_pr__special_nfet_01v8 pin 1 == 3
No property as found for device sky130_fd_pr__special_nfet_01v8
No property ad found for device sky130_fd_pr__special_nfet_01v8
No property ps found for device sky130_fd_pr__special_nfet_01v8
No property pd found for device sky130_fd_pr__special_nfet_01v8
No property mult found for device sky130_fd_pr__special_nfet_01v8
No property sa found for device sky130_fd_pr__special_nfet_01v8
No property sb found for device sky130_fd_pr__special_nfet_01v8
No property sd found for device sky130_fd_pr__special_nfet_01v8
No property nf found for device sky130_fd_pr__special_nfet_01v8
No property nrd found for device sky130_fd_pr__special_nfet_01v8
No property nrs found for device sky130_fd_pr__special_nfet_01v8
No property area found for device sky130_fd_pr__special_nfet_01v8
No property perim found for device sky130_fd_pr__special_nfet_01v8
No property topography found for device sky130_fd_pr__special_nfet_01v8
Model sky130_fd_pr__special_pfet_01v8_hvt pin 1 == 3
No property as found for device sky130_fd_pr__special_pfet_01v8_hvt
No property ad found for device sky130_fd_pr__special_pfet_01v8_hvt
No property ps found for device sky130_fd_pr__special_pfet_01v8_hvt
No property pd found for device sky130_fd_pr__special_pfet_01v8_hvt
No property mult found for device sky130_fd_pr__special_pfet_01v8_hvt
No property sa found for device sky130_fd_pr__special_pfet_01v8_hvt
No property sb found for device sky130_fd_pr__special_pfet_01v8_hvt
No property sd found for device sky130_fd_pr__special_pfet_01v8_hvt
No property nf found for device sky130_fd_pr__special_pfet_01v8_hvt
No property nrd found for device sky130_fd_pr__special_pfet_01v8_hvt
No property nrs found for device sky130_fd_pr__special_pfet_01v8_hvt
No property area found for device sky130_fd_pr__special_pfet_01v8_hvt
No property perim found for device sky130_fd_pr__special_pfet_01v8_hvt
No property topography found for device sky130_fd_pr__special_pfet_01v8_hvt
No property value found for device sky130_fd_pr__diode_pw2nd_05v5
No property mult found for device sky130_fd_pr__diode_pw2nd_05v5
No property value found for device sky130_fd_pr__diode_pw2nd_05v5
No property mult found for device sky130_fd_pr__diode_pw2nd_05v5
Matching pins of sky130_fd_pr__nfet_01v8 in circuits 1 and 2

Subcircuit pins:
Circuit 1: sky130_fd_pr__nfet_01v8                                                |Circuit 2: sky130_fd_pr__nfet_01v8                                                
----------------------------------------------------------------------------------|----------------------------------------------------------------------------------
1                                                                                 |1                                                                                 
2                                                                                 |2                                                                                 
3                                                                                 |3                                                                                 
4                                                                                 |4                                                                                 
---------------------------------------------------------------------------------------------------------------------------------------------------------------------
Cell pin lists are equivalent.
Matching pins of sky130_fd_pr__pfet_01v8_hvt in circuits 1 and 2

Subcircuit pins:
Circuit 1: sky130_fd_pr__pfet_01v8_hvt                                            |Circuit 2: sky130_fd_pr__pfet_01v8_hvt                                            
----------------------------------------------------------------------------------|----------------------------------------------------------------------------------
1                                                                                 |1                                                                                 
2                                                                                 |2                                                                                 
3                                                                                 |3                                                                                 
4                                                                                 |4                                                                                 
---------------------------------------------------------------------------------------------------------------------------------------------------------------------
Cell pin lists are equivalent.
Matching pins of sky130_fd_pr__diode_pw2nd_05v5 in circuits 1 and 2

Subcircuit pins:
Circuit 1: sky130_fd_pr__diode_pw2nd_05v5                                         |Circuit 2: sky130_fd_pr__diode_pw2nd_05v5                                         
----------------------------------------------------------------------------------|----------------------------------------------------------------------------------
1                                                                                 |1                                                                                 
2                                                                                 |2                                                                                 
---------------------------------------------------------------------------------------------------------------------------------------------------------------------
Cell pin lists are equivalent.
Matching pins of sky130_fd_pr__res_generic_po in circuits 1 and 2

Subcircuit pins:
Circuit 1: sky130_fd_pr__res_generic_po                                           |Circuit 2: sky130_fd_pr__res_generic_po                                           
----------------------------------------------------------------------------------|----------------------------------------------------------------------------------
1                                                                                 |1                                                                                 
2                                                                                 |2                                                                                 
---------------------------------------------------------------------------------------------------------------------------------------------------------------------
Cell pin lists are equivalent.
Matching pins of sky130_fd_pr__special_nfet_01v8 in circuits 1 and 2

Subcircuit pins:
Circuit 1: sky130_fd_pr__special_nfet_01v8                                        |Circuit 2: sky130_fd_pr__special_nfet_01v8                                        
----------------------------------------------------------------------------------|----------------------------------------------------------------------------------
1                                                                                 |1                                                                                 
2                                                                                 |2                                                                                 
3                                                                                 |3                                                                                 
4                                                                                 |4                                                                                 
---------------------------------------------------------------------------------------------------------------------------------------------------------------------
Cell pin lists are equivalent.
Device classes sky130_fd_sc_hd__and3_1 and EZ_sky130_fd_sc_hd__and3_1 are equivalent.
Equating EZ_sky130_fd_sc_hd__and3_1 in circuit 1 and sky130_fd_sc_hd__and3_1 in circuit 2
Device classes sky130_fd_sc_hd__and2b_1 and EZ_sky130_fd_sc_hd__and2b_1 are equivalent.
Equating EZ_sky130_fd_sc_hd__and2b_1 in circuit 1 and sky130_fd_sc_hd__and2b_1 in circuit 2
Device classes sky130_fd_sc_hd__and2b_2 and EZ_sky130_fd_sc_hd__and2b_2 are equivalent.
Equating EZ_sky130_fd_sc_hd__and2b_2 in circuit 1 and sky130_fd_sc_hd__and2b_2 in circuit 2
Device classes sky130_fd_sc_hd__a21bo_1 and EZ_sky130_fd_sc_hd__a21bo_1 are equivalent.
Equating EZ_sky130_fd_sc_hd__a21bo_1 in circuit 1 and sky130_fd_sc_hd__a21bo_1 in circuit 2
Device classes sky130_fd_sc_hd__tapvpwrvgnd_1 and EZ_sky130_fd_sc_hd__tapvpwrvgnd_1 are equivalent.
Equating EZ_sky130_fd_sc_hd__tapvpwrvgnd_1 in circuit 1 and sky130_fd_sc_hd__tapvpwrvgnd_1 in circuit 2
Device classes sky130_fd_sc_hd__and2_1 and EZ_sky130_fd_sc_hd__and2_1 are equivalent.
Equating EZ_sky130_fd_sc_hd__and2_1 in circuit 1 and sky130_fd_sc_hd__and2_1 in circuit 2
Device classes sky130_fd_sc_hd__and2_2 and EZ_sky130_fd_sc_hd__and2_2 are equivalent.
Equating EZ_sky130_fd_sc_hd__and2_2 in circuit 1 and sky130_fd_sc_hd__and2_2 in circuit 2
Device classes sky130_fd_sc_hd__and2_4 and EZ_sky130_fd_sc_hd__and2_4 are equivalent.
Equating EZ_sky130_fd_sc_hd__and2_4 in circuit 1 and sky130_fd_sc_hd__and2_4 in circuit 2
Device classes sky130_fd_sc_hd__decap_3 and EZ_sky130_fd_sc_hd__decap_3 are equivalent.
Equating EZ_sky130_fd_sc_hd__decap_3 in circuit 1 and sky130_fd_sc_hd__decap_3 in circuit 2
Device classes sky130_fd_sc_hd__clkbuf_1 and EZ_sky130_fd_sc_hd__clkbuf_1 are equivalent.
Equating EZ_sky130_fd_sc_hd__clkbuf_1 in circuit 1 and sky130_fd_sc_hd__clkbuf_1 in circuit 2
Device classes sky130_fd_sc_hd__clkbuf_2 and EZ_sky130_fd_sc_hd__clkbuf_2 are equivalent.
Equating EZ_sky130_fd_sc_hd__clkbuf_2 in circuit 1 and sky130_fd_sc_hd__clkbuf_2 in circuit 2
Device classes sky130_fd_sc_hd__clkbuf_4 and EZ_sky130_fd_sc_hd__clkbuf_4 are equivalent.
Equating EZ_sky130_fd_sc_hd__clkbuf_4 in circuit 1 and sky130_fd_sc_hd__clkbuf_4 in circuit 2
Device classes sky130_fd_sc_hd__clkbuf_8 and EZ_sky130_fd_sc_hd__clkbuf_8 are equivalent.
Equating EZ_sky130_fd_sc_hd__clkbuf_8 in circuit 1 and sky130_fd_sc_hd__clkbuf_8 in circuit 2
Device classes sky130_fd_sc_hd__nand2_1 and EZ_sky130_fd_sc_hd__nand2_1 are equivalent.
Equating EZ_sky130_fd_sc_hd__nand2_1 in circuit 1 and sky130_fd_sc_hd__nand2_1 in circuit 2
Device classes sky130_fd_sc_hd__nand2_2 and EZ_sky130_fd_sc_hd__nand2_2 are equivalent.
Equating EZ_sky130_fd_sc_hd__nand2_2 in circuit 1 and sky130_fd_sc_hd__nand2_2 in circuit 2
Device classes sky130_fd_sc_hd__nand2_8 and EZ_sky130_fd_sc_hd__nand2_8 are equivalent.
Equating EZ_sky130_fd_sc_hd__nand2_8 in circuit 1 and sky130_fd_sc_hd__nand2_8 in circuit 2
Device classes sky130_fd_sc_hd__conb_1 and EZ_sky130_fd_sc_hd__conb_1 are equivalent.
Equating EZ_sky130_fd_sc_hd__conb_1 in circuit 1 and sky130_fd_sc_hd__conb_1 in circuit 2
Device classes sky130_fd_sc_hd__buf_12 and EZ_sky130_fd_sc_hd__buf_12 are equivalent.
Equating EZ_sky130_fd_sc_hd__buf_12 in circuit 1 and sky130_fd_sc_hd__buf_12 in circuit 2
Device classes sky130_fd_sc_hd__a21boi_1 and EZ_sky130_fd_sc_hd__a21boi_1 are equivalent.
Equating EZ_sky130_fd_sc_hd__a21boi_1 in circuit 1 and sky130_fd_sc_hd__a21boi_1 in circuit 2
Device classes sky130_fd_sc_hd__o211ai_4 and EZ_sky130_fd_sc_hd__o211ai_4 are equivalent.
Equating EZ_sky130_fd_sc_hd__o211ai_4 in circuit 1 and sky130_fd_sc_hd__o211ai_4 in circuit 2
Device classes sky130_ef_sc_hd__decap_40_12 and EZ_sky130_ef_sc_hd__decap_40_12 are equivalent.
Equating EZ_sky130_ef_sc_hd__decap_40_12 in circuit 1 and sky130_ef_sc_hd__decap_40_12 in circuit 2
Device classes sky130_fd_sc_hd__a32o_1 and EZ_sky130_fd_sc_hd__a32o_1 are equivalent.
Equating EZ_sky130_fd_sc_hd__a32o_1 in circuit 1 and sky130_fd_sc_hd__a32o_1 in circuit 2
Device classes sky130_fd_sc_hd__a32o_4 and EZ_sky130_fd_sc_hd__a32o_4 are equivalent.
Equating EZ_sky130_fd_sc_hd__a32o_4 in circuit 1 and sky130_fd_sc_hd__a32o_4 in circuit 2
Device classes sky130_fd_sc_hd__a22o_1 and EZ_sky130_fd_sc_hd__a22o_1 are equivalent.
Equating EZ_sky130_fd_sc_hd__a22o_1 in circuit 1 and sky130_fd_sc_hd__a22o_1 in circuit 2
Device classes sky130_fd_sc_hd__xnor2_1 and EZ_sky130_fd_sc_hd__xnor2_1 are equivalent.
Equating EZ_sky130_fd_sc_hd__xnor2_1 in circuit 1 and sky130_fd_sc_hd__xnor2_1 in circuit 2
Device classes sky130_fd_sc_hd__xnor2_2 and EZ_sky130_fd_sc_hd__xnor2_2 are equivalent.
Equating EZ_sky130_fd_sc_hd__xnor2_2 in circuit 1 and sky130_fd_sc_hd__xnor2_2 in circuit 2
Device classes sky130_fd_sc_hd__buf_1 and EZ_sky130_fd_sc_hd__buf_1 are equivalent.
Equating EZ_sky130_fd_sc_hd__buf_1 in circuit 1 and sky130_fd_sc_hd__buf_1 in circuit 2
Device classes sky130_fd_sc_hd__buf_2 and EZ_sky130_fd_sc_hd__buf_2 are equivalent.
Equating EZ_sky130_fd_sc_hd__buf_2 in circuit 1 and sky130_fd_sc_hd__buf_2 in circuit 2
Device classes sky130_fd_sc_hd__buf_4 and EZ_sky130_fd_sc_hd__buf_4 are equivalent.
Equating EZ_sky130_fd_sc_hd__buf_4 in circuit 1 and sky130_fd_sc_hd__buf_4 in circuit 2
Device classes sky130_fd_sc_hd__buf_6 and EZ_sky130_fd_sc_hd__buf_6 are equivalent.
Equating EZ_sky130_fd_sc_hd__buf_6 in circuit 1 and sky130_fd_sc_hd__buf_6 in circuit 2
Device classes sky130_fd_sc_hd__buf_8 and EZ_sky130_fd_sc_hd__buf_8 are equivalent.
Equating EZ_sky130_fd_sc_hd__buf_8 in circuit 1 and sky130_fd_sc_hd__buf_8 in circuit 2
Device classes sky130_fd_sc_hd__o211a_1 and EZ_sky130_fd_sc_hd__o211a_1 are equivalent.
Equating EZ_sky130_fd_sc_hd__o211a_1 in circuit 1 and sky130_fd_sc_hd__o211a_1 in circuit 2
Device classes sky130_fd_sc_hd__mux2_1 and EZ_sky130_fd_sc_hd__mux2_1 are equivalent.
Equating EZ_sky130_fd_sc_hd__mux2_1 in circuit 1 and sky130_fd_sc_hd__mux2_1 in circuit 2
Device classes sky130_fd_sc_hd__diode_2 and EZ_sky130_fd_sc_hd__diode_2 are equivalent.
Equating EZ_sky130_fd_sc_hd__diode_2 in circuit 1 and sky130_fd_sc_hd__diode_2 in circuit 2
Device classes sky130_fd_sc_hd__a221o_1 and EZ_sky130_fd_sc_hd__a221o_1 are equivalent.
Equating EZ_sky130_fd_sc_hd__a221o_1 in circuit 1 and sky130_fd_sc_hd__a221o_1 in circuit 2
Device classes sky130_fd_sc_hd__nand3b_4 and EZ_sky130_fd_sc_hd__nand3b_4 are equivalent.
Equating EZ_sky130_fd_sc_hd__nand3b_4 in circuit 1 and sky130_fd_sc_hd__nand3b_4 in circuit 2
Device classes sky130_fd_sc_hd__a211o_1 and EZ_sky130_fd_sc_hd__a211o_1 are equivalent.
Equating EZ_sky130_fd_sc_hd__a211o_1 in circuit 1 and sky130_fd_sc_hd__a211o_1 in circuit 2
Device classes sky130_fd_sc_hd__nor2_1 and EZ_sky130_fd_sc_hd__nor2_1 are equivalent.
Equating EZ_sky130_fd_sc_hd__nor2_1 in circuit 1 and sky130_fd_sc_hd__nor2_1 in circuit 2
Device classes sky130_fd_sc_hd__nor2_2 and EZ_sky130_fd_sc_hd__nor2_2 are equivalent.
Equating EZ_sky130_fd_sc_hd__nor2_2 in circuit 1 and sky130_fd_sc_hd__nor2_2 in circuit 2
Device classes sky130_fd_sc_hd__nor2_4 and EZ_sky130_fd_sc_hd__nor2_4 are equivalent.
Equating EZ_sky130_fd_sc_hd__nor2_4 in circuit 1 and sky130_fd_sc_hd__nor2_4 in circuit 2
Device classes sky130_fd_sc_hd__inv_2 and EZ_sky130_fd_sc_hd__inv_2 are equivalent.
Equating EZ_sky130_fd_sc_hd__inv_2 in circuit 1 and sky130_fd_sc_hd__inv_2 in circuit 2
Device classes sky130_fd_sc_hd__nor2_8 and EZ_sky130_fd_sc_hd__nor2_8 are equivalent.
Equating EZ_sky130_fd_sc_hd__nor2_8 in circuit 1 and sky130_fd_sc_hd__nor2_8 in circuit 2
Device classes sky130_fd_sc_hd__a41o_1 and EZ_sky130_fd_sc_hd__a41o_1 are equivalent.
Equating EZ_sky130_fd_sc_hd__a41o_1 in circuit 1 and sky130_fd_sc_hd__a41o_1 in circuit 2
Device classes sky130_fd_sc_hd__a41o_4 and EZ_sky130_fd_sc_hd__a41o_4 are equivalent.
Equating EZ_sky130_fd_sc_hd__a41o_4 in circuit 1 and sky130_fd_sc_hd__a41o_4 in circuit 2
Device classes sky130_fd_sc_hd__a31o_1 and EZ_sky130_fd_sc_hd__a31o_1 are equivalent.
Equating EZ_sky130_fd_sc_hd__a31o_1 in circuit 1 and sky130_fd_sc_hd__a31o_1 in circuit 2
Device classes sky130_fd_sc_hd__a31o_2 and EZ_sky130_fd_sc_hd__a31o_2 are equivalent.
Equating EZ_sky130_fd_sc_hd__a31o_2 in circuit 1 and sky130_fd_sc_hd__a31o_2 in circuit 2
Device classes sky130_fd_sc_hd__o32a_1 and EZ_sky130_fd_sc_hd__o32a_1 are equivalent.
Equating EZ_sky130_fd_sc_hd__o32a_1 in circuit 1 and sky130_fd_sc_hd__o32a_1 in circuit 2
Device classes sky130_fd_sc_hd__a31o_4 and EZ_sky130_fd_sc_hd__a31o_4 are equivalent.
Equating EZ_sky130_fd_sc_hd__a31o_4 in circuit 1 and sky130_fd_sc_hd__a31o_4 in circuit 2
Device classes sky130_fd_sc_hd__a21o_1 and EZ_sky130_fd_sc_hd__a21o_1 are equivalent.
Equating EZ_sky130_fd_sc_hd__a21o_1 in circuit 1 and sky130_fd_sc_hd__a21o_1 in circuit 2
Device classes sky130_fd_sc_hd__or3_4 and EZ_sky130_fd_sc_hd__or3_4 are equivalent.
Equating EZ_sky130_fd_sc_hd__or3_4 in circuit 1 and sky130_fd_sc_hd__or3_4 in circuit 2
Device classes sky130_fd_sc_hd__a41oi_4 and EZ_sky130_fd_sc_hd__a41oi_4 are equivalent.
Equating EZ_sky130_fd_sc_hd__a41oi_4 in circuit 1 and sky130_fd_sc_hd__a41oi_4 in circuit 2
Device classes sky130_fd_sc_hd__dlygate4sd3_1 and EZ_sky130_fd_sc_hd__dlygate4sd3_1 are equivalent.
Equating EZ_sky130_fd_sc_hd__dlygate4sd3_1 in circuit 1 and sky130_fd_sc_hd__dlygate4sd3_1 in circuit 2
Device classes sky130_fd_sc_hd__o21ai_1 and EZ_sky130_fd_sc_hd__o21ai_1 are equivalent.
Equating EZ_sky130_fd_sc_hd__o21ai_1 in circuit 1 and sky130_fd_sc_hd__o21ai_1 in circuit 2
Device classes sky130_fd_sc_hd__a21oi_1 and EZ_sky130_fd_sc_hd__a21oi_1 are equivalent.
Equating EZ_sky130_fd_sc_hd__a21oi_1 in circuit 1 and sky130_fd_sc_hd__a21oi_1 in circuit 2
Device classes sky130_fd_sc_hd__a21oi_4 and EZ_sky130_fd_sc_hd__a21oi_4 are equivalent.
Equating EZ_sky130_fd_sc_hd__a21oi_4 in circuit 1 and sky130_fd_sc_hd__a21oi_4 in circuit 2
Device classes sky130_fd_sc_hd__xor2_1 and EZ_sky130_fd_sc_hd__xor2_1 are equivalent.
Equating EZ_sky130_fd_sc_hd__xor2_1 in circuit 1 and sky130_fd_sc_hd__xor2_1 in circuit 2
Device classes sky130_fd_sc_hd__nand2b_1 and EZ_sky130_fd_sc_hd__nand2b_1 are equivalent.
Equating EZ_sky130_fd_sc_hd__nand2b_1 in circuit 1 and sky130_fd_sc_hd__nand2b_1 in circuit 2
Device classes sky130_fd_sc_hd__or3b_2 and EZ_sky130_fd_sc_hd__or3b_2 are equivalent.
Equating EZ_sky130_fd_sc_hd__or3b_2 in circuit 1 and sky130_fd_sc_hd__or3b_2 in circuit 2
Device classes sky130_fd_sc_hd__or3b_4 and EZ_sky130_fd_sc_hd__or3b_4 are equivalent.
Equating EZ_sky130_fd_sc_hd__or3b_4 in circuit 1 and sky130_fd_sc_hd__or3b_4 in circuit 2
Device classes sky130_fd_sc_hd__and4_1 and EZ_sky130_fd_sc_hd__and4_1 are equivalent.
Equating EZ_sky130_fd_sc_hd__and4_1 in circuit 1 and sky130_fd_sc_hd__and4_1 in circuit 2
Device classes sky130_fd_sc_hd__clkbuf_16 and EZ_sky130_fd_sc_hd__clkbuf_16 are equivalent.
Equating EZ_sky130_fd_sc_hd__clkbuf_16 in circuit 1 and sky130_fd_sc_hd__clkbuf_16 in circuit 2
Device classes sky130_fd_sc_hd__and4_2 and EZ_sky130_fd_sc_hd__and4_2 are equivalent.
Equating EZ_sky130_fd_sc_hd__and4_2 in circuit 1 and sky130_fd_sc_hd__and4_2 in circuit 2
Device classes sky130_fd_sc_hd__and4_4 and EZ_sky130_fd_sc_hd__and4_4 are equivalent.
Equating EZ_sky130_fd_sc_hd__and4_4 in circuit 1 and sky130_fd_sc_hd__and4_4 in circuit 2
Device classes sky130_fd_sc_hd__o31a_1 and EZ_sky130_fd_sc_hd__o31a_1 are equivalent.
Equating EZ_sky130_fd_sc_hd__o31a_1 in circuit 1 and sky130_fd_sc_hd__o31a_1 in circuit 2
Device classes sky130_fd_sc_hd__o21a_1 and EZ_sky130_fd_sc_hd__o21a_1 are equivalent.
Equating EZ_sky130_fd_sc_hd__o21a_1 in circuit 1 and sky130_fd_sc_hd__o21a_1 in circuit 2
Device classes sky130_fd_sc_hd__o2bb2a_1 and EZ_sky130_fd_sc_hd__o2bb2a_1 are equivalent.
Equating EZ_sky130_fd_sc_hd__o2bb2a_1 in circuit 1 and sky130_fd_sc_hd__o2bb2a_1 in circuit 2
Device classes sky130_fd_sc_hd__or2_1 and EZ_sky130_fd_sc_hd__or2_1 are equivalent.
Equating EZ_sky130_fd_sc_hd__or2_1 in circuit 1 and sky130_fd_sc_hd__or2_1 in circuit 2
Device classes sky130_fd_sc_hd__or2_2 and EZ_sky130_fd_sc_hd__or2_2 are equivalent.
Equating EZ_sky130_fd_sc_hd__or2_2 in circuit 1 and sky130_fd_sc_hd__or2_2 in circuit 2
Device classes sky130_fd_sc_hd__dfxtp_1 and EZ_sky130_fd_sc_hd__dfxtp_1 are equivalent.
Equating EZ_sky130_fd_sc_hd__dfxtp_1 in circuit 1 and sky130_fd_sc_hd__dfxtp_1 in circuit 2
Device classes sky130_fd_sc_hd__dfxtp_2 and EZ_sky130_fd_sc_hd__dfxtp_2 are equivalent.
Equating EZ_sky130_fd_sc_hd__dfxtp_2 in circuit 1 and sky130_fd_sc_hd__dfxtp_2 in circuit 2
Device classes sky130_fd_sc_hd__dfxtp_4 and EZ_sky130_fd_sc_hd__dfxtp_4 are equivalent.
Equating EZ_sky130_fd_sc_hd__dfxtp_4 in circuit 1 and sky130_fd_sc_hd__dfxtp_4 in circuit 2
Device classes sky130_fd_sc_hd__o31ai_1 and EZ_sky130_fd_sc_hd__o31ai_1 are equivalent.
Equating EZ_sky130_fd_sc_hd__o31ai_1 in circuit 1 and sky130_fd_sc_hd__o31ai_1 in circuit 2
Device classes sky130_fd_sc_hd__a31oi_1 and EZ_sky130_fd_sc_hd__a31oi_1 are equivalent.
Equating EZ_sky130_fd_sc_hd__a31oi_1 in circuit 1 and sky130_fd_sc_hd__a31oi_1 in circuit 2
Device classes sky130_fd_sc_hd__nand4_2 and EZ_sky130_fd_sc_hd__nand4_2 are equivalent.
Equating EZ_sky130_fd_sc_hd__nand4_2 in circuit 1 and sky130_fd_sc_hd__nand4_2 in circuit 2
Device classes sky130_fd_sc_hd__and3b_1 and EZ_sky130_fd_sc_hd__and3b_1 are equivalent.
Equating EZ_sky130_fd_sc_hd__and3b_1 in circuit 1 and sky130_fd_sc_hd__and3b_1 in circuit 2
Device classes sky130_fd_sc_hd__and3b_4 and EZ_sky130_fd_sc_hd__and3b_4 are equivalent.
Equating EZ_sky130_fd_sc_hd__and3b_4 in circuit 1 and sky130_fd_sc_hd__and3b_4 in circuit 2
Device classes sky130_fd_sc_hd__fill_1 and EZ_sky130_fd_sc_hd__fill_1 are equivalent.
Equating EZ_sky130_fd_sc_hd__fill_1 in circuit 1 and sky130_fd_sc_hd__fill_1 in circuit 2
Device classes sky130_fd_sc_hd__fill_2 and EZ_sky130_fd_sc_hd__fill_2 are equivalent.
Equating EZ_sky130_fd_sc_hd__fill_2 in circuit 1 and sky130_fd_sc_hd__fill_2 in circuit 2
Device classes sky130_fd_sc_hd__fill_4 and EZ_sky130_fd_sc_hd__fill_4 are equivalent.
Equating EZ_sky130_fd_sc_hd__fill_4 in circuit 1 and sky130_fd_sc_hd__fill_4 in circuit 2
Device classes sky130_fd_sc_hd__fill_8 and EZ_sky130_fd_sc_hd__fill_8 are equivalent.
Equating EZ_sky130_fd_sc_hd__fill_8 in circuit 1 and sky130_fd_sc_hd__fill_8 in circuit 2
Comparison output logged to file /tmp/tmpg2qwmavz/repo/precheck_results/12_MAY_2026___03_50_50/tmp/lvs.report
Logging to file "/tmp/tmpg2qwmavz/repo/precheck_results/12_MAY_2026___03_50_50/tmp/lvs.report" enabled
Circuit sky130_fd_pr__pfet_01v8_hvt contains no devices.
Circuit sky130_fd_pr__nfet_01v8 contains no devices.
Circuit sky130_fd_pr__diode_pw2nd_05v5 contains no devices.
Circuit sky130_fd_pr__res_generic_po contains no devices.
Circuit sky130_fd_pr__special_nfet_01v8 contains no devices.

Contents of circuit 1:  Circuit: 'EZ_sky130_fd_sc_hd__fill_4'
Circuit EZ_sky130_fd_sc_hd__fill_4 contains 0 device instances.
Circuit contains 0 nets, and 4 disconnected pins.
Contents of circuit 2:  Circuit: 'sky130_fd_sc_hd__fill_4'
Circuit sky130_fd_sc_hd__fill_4 contains 0 device instances.
Circuit contains 0 nets, and 4 disconnected pins.

Circuit EZ_sky130_fd_sc_hd__fill_4 contains no devices.

Contents of circuit 1:  Circuit: 'EZ_sky130_ef_sc_hd__decap_40_12'
Circuit EZ_sky130_ef_sc_hd__decap_40_12 contains 2 device instances.
  Class: sky130_fd_pr__nfet_01v8 instances:   1
  Class: sky130_fd_pr__pfet_01v8_hvt instances:   1
Circuit contains 4 nets.
Contents of circuit 2:  Circuit: 'sky130_ef_sc_hd__decap_40_12'
Circuit sky130_ef_sc_hd__decap_40_12 contains 2 device instances.
  Class: sky130_fd_pr__nfet_01v8 instances:   1
  Class: sky130_fd_pr__pfet_01v8_hvt instances:   1
Circuit contains 4 nets.

Circuit 1 contains 2 devices, Circuit 2 contains 2 devices.
Circuit 1 contains 4 nets,    Circuit 2 contains 4 nets.


Contents of circuit 1:  Circuit: 'EZ_sky130_fd_sc_hd__fill_1'
Circuit EZ_sky130_fd_sc_hd__fill_1 contains 0 device instances.
Circuit contains 0 nets, and 4 disconnected pins.
Contents of circuit 2:  Circuit: 'sky130_fd_sc_hd__fill_1'
Circuit sky130_fd_sc_hd__fill_1 contains 0 device instances.
Circuit contains 0 nets, and 4 disconnected pins.

Circuit EZ_sky130_fd_sc_hd__fill_1 contains no devices.

Contents of circuit 1:  Circuit: 'EZ_sky130_fd_sc_hd__fill_2'
Circuit EZ_sky130_fd_sc_hd__fill_2 contains 0 device instances.
Circuit contains 0 nets, and 4 disconnected pins.
Contents of circuit 2:  Circuit: 'sky130_fd_sc_hd__fill_2'
Circuit sky130_fd_sc_hd__fill_2 contains 0 device instances.
Circuit contains 0 nets, and 4 disconnected pins.

Circuit EZ_sky130_fd_sc_hd__fill_2 contains no devices.

Contents of circuit 1:  Circuit: 'EZ_sky130_fd_sc_hd__decap_3'
Circuit EZ_sky130_fd_sc_hd__decap_3 contains 2 device instances.
  Class: sky130_fd_pr__nfet_01v8 instances:   1
  Class: sky130_fd_pr__pfet_01v8_hvt instances:   1
Circuit contains 4 nets.
Contents of circuit 2:  Circuit: 'sky130_fd_sc_hd__decap_3'
Circuit sky130_fd_sc_hd__decap_3 contains 2 device instances.
  Class: sky130_fd_pr__nfet_01v8 instances:   1
  Class: sky130_fd_pr__pfet_01v8_hvt instances:   1
Circuit contains 4 nets.

Circuit 1 contains 2 devices, Circuit 2 contains 2 devices.
Circuit 1 contains 4 nets,    Circuit 2 contains 4 nets.


Contents of circuit 1:  Circuit: 'EZ_sky130_fd_sc_hd__tapvpwrvgnd_1'
Circuit EZ_sky130_fd_sc_hd__tapvpwrvgnd_1 contains 0 device instances.
Circuit contains 0 nets, and 2 disconnected pins.
Contents of circuit 2:  Circuit: 'sky130_fd_sc_hd__tapvpwrvgnd_1'
Circuit sky130_fd_sc_hd__tapvpwrvgnd_1 contains 0 device instances.
Circuit contains 0 nets, and 2 disconnected pins.

Circuit EZ_sky130_fd_sc_hd__tapvpwrvgnd_1 contains no devices.

Contents of circuit 1:  Circuit: 'EZ_sky130_fd_sc_hd__diode_2'
Circuit EZ_sky130_fd_sc_hd__diode_2 contains 1 device instances.
  Class: sky130_fd_pr__diode_pw2nd_05v5 instances:   1
Circuit contains 2 nets, and 3 disconnected pins.
Contents of circuit 2:  Circuit: 'sky130_fd_sc_hd__diode_2'
Circuit sky130_fd_sc_hd__diode_2 contains 1 device instances.
  Class: sky130_fd_pr__diode_pw2nd_05v5 instances:   1
Circuit contains 2 nets, and 3 disconnected pins.

Circuit 1 contains 1 devices, Circuit 2 contains 1 devices.
Circuit 1 contains 2 nets,    Circuit 2 contains 2 nets.


Contents of circuit 1:  Circuit: 'EZ_sky130_fd_sc_hd__mux2_1'
Circuit EZ_sky130_fd_sc_hd__mux2_1 contains 12 device instances.
  Class: sky130_fd_pr__nfet_01v8 instances:   6
  Class: sky130_fd_pr__pfet_01v8_hvt instances:   6
Circuit contains 14 nets.
Contents of circuit 2:  Circuit: 'sky130_fd_sc_hd__mux2_1'
Circuit sky130_fd_sc_hd__mux2_1 contains 12 device instances.
  Class: sky130_fd_pr__nfet_01v8 instances:   6
  Class: sky130_fd_pr__pfet_01v8_hvt instances:   6
Circuit contains 14 nets.

Circuit 1 contains 12 devices, Circuit 2 contains 12 devices.
Circuit 1 contains 14 nets,    Circuit 2 contains 14 nets.


Contents of circuit 1:  Circuit: 'EZ_sky130_fd_sc_hd__fill_8'
Circuit EZ_sky130_fd_sc_hd__fill_8 contains 0 device instances.
Circuit contains 0 nets, and 4 disconnected pins.
Contents of circuit 2:  Circuit: 'sky130_fd_sc_hd__fill_8'
Circuit sky130_fd_sc_hd__fill_8 contains 0 device instances.
Circuit contains 0 nets, and 4 disconnected pins.

Circuit EZ_sky130_fd_sc_hd__fill_8 contains no devices.

Contents of circuit 1:  Circuit: 'EZ_sky130_fd_sc_hd__dlygate4sd3_1'
Circuit EZ_sky130_fd_sc_hd__dlygate4sd3_1 contains 8 device instances.
  Class: sky130_fd_pr__nfet_01v8 instances:   4
  Class: sky130_fd_pr__pfet_01v8_hvt instances:   4
Circuit contains 9 nets.
Contents of circuit 2:  Circuit: 'sky130_fd_sc_hd__dlygate4sd3_1'
Circuit sky130_fd_sc_hd__dlygate4sd3_1 contains 8 device instances.
  Class: sky130_fd_pr__nfet_01v8 instances:   4
  Class: sky130_fd_pr__pfet_01v8_hvt instances:   4
Circuit contains 9 nets.

Circuit 1 contains 8 devices, Circuit 2 contains 8 devices.
Circuit 1 contains 9 nets,    Circuit 2 contains 9 nets.


Contents of circuit 1:  Circuit: 'EZ_sky130_fd_sc_hd__o21ai_1'
Circuit EZ_sky130_fd_sc_hd__o21ai_1 contains 6 device instances.
  Class: sky130_fd_pr__nfet_01v8 instances:   3
  Class: sky130_fd_pr__pfet_01v8_hvt instances:   3
Circuit contains 10 nets.
Contents of circuit 2:  Circuit: 'sky130_fd_sc_hd__o21ai_1'
Circuit sky130_fd_sc_hd__o21ai_1 contains 6 device instances.
  Class: sky130_fd_pr__nfet_01v8 instances:   3
  Class: sky130_fd_pr__pfet_01v8_hvt instances:   3
Circuit contains 10 nets.

Circuit 1 contains 6 devices, Circuit 2 contains 6 devices.
Circuit 1 contains 10 nets,    Circuit 2 contains 10 nets.


Contents of circuit 1:  Circuit: 'EZ_sky130_fd_sc_hd__nor2_1'
Circuit EZ_sky130_fd_sc_hd__nor2_1 contains 4 device instances.
  Class: sky130_fd_pr__nfet_01v8 instances:   2
  Class: sky130_fd_pr__pfet_01v8_hvt instances:   2
Circuit contains 8 nets.
Contents of circuit 2:  Circuit: 'sky130_fd_sc_hd__nor2_1'
Circuit sky130_fd_sc_hd__nor2_1 contains 4 device instances.
  Class: sky130_fd_pr__nfet_01v8 instances:   2
  Class: sky130_fd_pr__pfet_01v8_hvt instances:   2
Circuit contains 8 nets.

Circuit 1 contains 4 devices, Circuit 2 contains 4 devices.
Circuit 1 contains 8 nets,    Circuit 2 contains 8 nets.


Contents of circuit 1:  Circuit: 'EZ_sky130_fd_sc_hd__conb_1'
Circuit EZ_sky130_fd_sc_hd__conb_1 contains 2 device instances.
  Class: sky130_fd_pr__res_generic_po instances:   2
Circuit contains 4 nets, and 2 disconnected pins.
Contents of circuit 2:  Circuit: 'sky130_fd_sc_hd__conb_1'
Circuit sky130_fd_sc_hd__conb_1 contains 2 device instances.
  Class: sky130_fd_pr__res_generic_po instances:   2
Circuit contains 4 nets, and 2 disconnected pins.

Circuit 1 contains 2 devices, Circuit 2 contains 2 devices.
Circuit 1 contains 4 nets,    Circuit 2 contains 4 nets.


Contents of circuit 1:  Circuit: 'EZ_sky130_fd_sc_hd__buf_12'
Circuit EZ_sky130_fd_sc_hd__buf_12 contains 4 device instances.
  Class: sky130_fd_pr__nfet_01v8 instances:   2
  Class: sky130_fd_pr__pfet_01v8_hvt instances:   2
Circuit contains 7 nets.
Contents of circuit 2:  Circuit: 'sky130_fd_sc_hd__buf_12'
Circuit sky130_fd_sc_hd__buf_12 contains 32 device instances.
  Class: sky130_fd_pr__nfet_01v8 instances:  16
  Class: sky130_fd_pr__pfet_01v8_hvt instances:  16
Circuit contains 7 nets.

Circuit was modified by parallel/series device merging.
New circuit summary:

Contents of circuit 1:  Circuit: 'EZ_sky130_fd_sc_hd__buf_12'
Circuit EZ_sky130_fd_sc_hd__buf_12 contains 4 device instances.
  Class: sky130_fd_pr__nfet_01v8 instances:   2
  Class: sky130_fd_pr__pfet_01v8_hvt instances:   2
Circuit contains 7 nets.
Contents of circuit 2:  Circuit: 'sky130_fd_sc_hd__buf_12'
Circuit sky130_fd_sc_hd__buf_12 contains 4 device instances.
  Class: sky130_fd_pr__nfet_01v8 instances:   2
  Class: sky130_fd_pr__pfet_01v8_hvt instances:   2
Circuit contains 7 nets.

Circuit 1 contains 4 devices, Circuit 2 contains 4 devices.
Circuit 1 contains 7 nets,    Circuit 2 contains 7 nets.


Contents of circuit 1:  Circuit: 'EZ_sky130_fd_sc_hd__o31ai_1'
Circuit EZ_sky130_fd_sc_hd__o31ai_1 contains 8 device instances.
  Class: sky130_fd_pr__nfet_01v8 instances:   4
  Class: sky130_fd_pr__pfet_01v8_hvt instances:   4
Circuit contains 12 nets.
Contents of circuit 2:  Circuit: 'sky130_fd_sc_hd__o31ai_1'
Circuit sky130_fd_sc_hd__o31ai_1 contains 8 device instances.
  Class: sky130_fd_pr__nfet_01v8 instances:   4
  Class: sky130_fd_pr__pfet_01v8_hvt instances:   4
Circuit contains 12 nets.

Circuit 1 contains 8 devices, Circuit 2 contains 8 devices.
Circuit 1 contains 12 nets,    Circuit 2 contains 12 nets.


Contents of circuit 1:  Circuit: 'EZ_sky130_fd_sc_hd__dfxtp_1'
Circuit EZ_sky130_fd_sc_hd__dfxtp_1 contains 24 device instances.
  Class: sky130_fd_pr__nfet_01v8 instances:   8
  Class: sky130_fd_pr__pfet_01v8_hvt instances:  12
  Class: sky130_fd_pr__special_nfet_01v8 instances:   4
Circuit contains 18 nets.
Contents of circuit 2:  Circuit: 'sky130_fd_sc_hd__dfxtp_1'
Circuit sky130_fd_sc_hd__dfxtp_1 contains 24 device instances.
  Class: sky130_fd_pr__nfet_01v8 instances:   8
  Class: sky130_fd_pr__pfet_01v8_hvt instances:  12
  Class: sky130_fd_pr__special_nfet_01v8 instances:   4
Circuit contains 18 nets.

Circuit 1 contains 24 devices, Circuit 2 contains 24 devices.
Circuit 1 contains 18 nets,    Circuit 2 contains 18 nets.


Contents of circuit 1:  Circuit: 'EZ_sky130_fd_sc_hd__and2_1'
Circuit EZ_sky130_fd_sc_hd__and2_1 contains 6 device instances.
  Class: sky130_fd_pr__nfet_01v8 instances:   3
  Class: sky130_fd_pr__pfet_01v8_hvt instances:   3
Circuit contains 9 nets.
Contents of circuit 2:  Circuit: 'sky130_fd_sc_hd__and2_1'
Circuit sky130_fd_sc_hd__and2_1 contains 6 device instances.
  Class: sky130_fd_pr__nfet_01v8 instances:   3
  Class: sky130_fd_pr__pfet_01v8_hvt instances:   3
Circuit contains 9 nets.

Circuit 1 contains 6 devices, Circuit 2 contains 6 devices.
Circuit 1 contains 9 nets,    Circuit 2 contains 9 nets.


Contents of circuit 1:  Circuit: 'EZ_sky130_fd_sc_hd__buf_4'
Circuit EZ_sky130_fd_sc_hd__buf_4 contains 4 device instances.
  Class: sky130_fd_pr__nfet_01v8 instances:   2
  Class: sky130_fd_pr__pfet_01v8_hvt instances:   2
Circuit contains 7 nets.
Contents of circuit 2:  Circuit: 'sky130_fd_sc_hd__buf_4'
Circuit sky130_fd_sc_hd__buf_4 contains 10 device instances.
  Class: sky130_fd_pr__nfet_01v8 instances:   5
  Class: sky130_fd_pr__pfet_01v8_hvt instances:   5
Circuit contains 7 nets.

Circuit was modified by parallel/series device merging.
New circuit summary:

Contents of circuit 1:  Circuit: 'EZ_sky130_fd_sc_hd__buf_4'
Circuit EZ_sky130_fd_sc_hd__buf_4 contains 4 device instances.
  Class: sky130_fd_pr__nfet_01v8 instances:   2
  Class: sky130_fd_pr__pfet_01v8_hvt instances:   2
Circuit contains 7 nets.
Contents of circuit 2:  Circuit: 'sky130_fd_sc_hd__buf_4'
Circuit sky130_fd_sc_hd__buf_4 contains 4 device instances.
  Class: sky130_fd_pr__nfet_01v8 instances:   2
  Class: sky130_fd_pr__pfet_01v8_hvt instances:   2
Circuit contains 7 nets.

Circuit 1 contains 4 devices, Circuit 2 contains 4 devices.
Circuit 1 contains 7 nets,    Circuit 2 contains 7 nets.


Contents of circuit 1:  Circuit: 'EZ_sky130_fd_sc_hd__a32o_1'
Circuit EZ_sky130_fd_sc_hd__a32o_1 contains 12 device instances.
  Class: sky130_fd_pr__nfet_01v8 instances:   6
  Class: sky130_fd_pr__pfet_01v8_hvt instances:   6
Circuit contains 15 nets.
Contents of circuit 2:  Circuit: 'sky130_fd_sc_hd__a32o_1'
Circuit sky130_fd_sc_hd__a32o_1 contains 12 device instances.
  Class: sky130_fd_pr__nfet_01v8 instances:   6
  Class: sky130_fd_pr__pfet_01v8_hvt instances:   6
Circuit contains 15 nets.

Circuit 1 contains 12 devices, Circuit 2 contains 12 devices.
Circuit 1 contains 15 nets,    Circuit 2 contains 15 nets.


Contents of circuit 1:  Circuit: 'EZ_sky130_fd_sc_hd__a221o_1'
Circuit EZ_sky130_fd_sc_hd__a221o_1 contains 12 device instances.
  Class: sky130_fd_pr__nfet_01v8 instances:   6
  Class: sky130_fd_pr__pfet_01v8_hvt instances:   6
Circuit contains 15 nets.
Contents of circuit 2:  Circuit: 'sky130_fd_sc_hd__a221o_1'
Circuit sky130_fd_sc_hd__a221o_1 contains 12 device instances.
  Class: sky130_fd_pr__nfet_01v8 instances:   6
  Class: sky130_fd_pr__pfet_01v8_hvt instances:   6
Circuit contains 15 nets.

Circuit 1 contains 12 devices, Circuit 2 contains 12 devices.
Circuit 1 contains 15 nets,    Circuit 2 contains 15 nets.


Contents of circuit 1:  Circuit: 'EZ_sky130_fd_sc_hd__xor2_1'
Circuit EZ_sky130_fd_sc_hd__xor2_1 contains 10 device instances.
  Class: sky130_fd_pr__nfet_01v8 instances:   5
  Class: sky130_fd_pr__pfet_01v8_hvt instances:   5
Circuit contains 11 nets.
Contents of circuit 2:  Circuit: 'sky130_fd_sc_hd__xor2_1'
Circuit sky130_fd_sc_hd__xor2_1 contains 10 device instances.
  Class: sky130_fd_pr__nfet_01v8 instances:   5
  Class: sky130_fd_pr__pfet_01v8_hvt instances:   5
Circuit contains 11 nets.

Circuit 1 contains 10 devices, Circuit 2 contains 10 devices.
Circuit 1 contains 11 nets,    Circuit 2 contains 11 nets.


Contents of circuit 1:  Circuit: 'EZ_sky130_fd_sc_hd__buf_1'
Circuit EZ_sky130_fd_sc_hd__buf_1 contains 4 device instances.
  Class: sky130_fd_pr__nfet_01v8 instances:   2
  Class: sky130_fd_pr__pfet_01v8_hvt instances:   2
Circuit contains 7 nets.
Contents of circuit 2:  Circuit: 'sky130_fd_sc_hd__buf_1'
Circuit sky130_fd_sc_hd__buf_1 contains 4 device instances.
  Class: sky130_fd_pr__nfet_01v8 instances:   2
  Class: sky130_fd_pr__pfet_01v8_hvt instances:   2
Circuit contains 7 nets.

Circuit 1 contains 4 devices, Circuit 2 contains 4 devices.
Circuit 1 contains 7 nets,    Circuit 2 contains 7 nets.


Contents of circuit 1:  Circuit: 'EZ_sky130_fd_sc_hd__and3b_1'
Circuit EZ_sky130_fd_sc_hd__and3b_1 contains 10 device instances.
  Class: sky130_fd_pr__nfet_01v8 instances:   5
  Class: sky130_fd_pr__pfet_01v8_hvt instances:   5
Circuit contains 12 nets.
Contents of circuit 2:  Circuit: 'sky130_fd_sc_hd__and3b_1'
Circuit sky130_fd_sc_hd__and3b_1 contains 10 device instances.
  Class: sky130_fd_pr__nfet_01v8 instances:   5
  Class: sky130_fd_pr__pfet_01v8_hvt instances:   5
Circuit contains 12 nets.

Circuit 1 contains 10 devices, Circuit 2 contains 10 devices.
Circuit 1 contains 12 nets,    Circuit 2 contains 12 nets.


Contents of circuit 1:  Circuit: 'EZ_sky130_fd_sc_hd__and3b_4'
Circuit EZ_sky130_fd_sc_hd__and3b_4 contains 10 device instances.
  Class: sky130_fd_pr__nfet_01v8 instances:   5
  Class: sky130_fd_pr__pfet_01v8_hvt instances:   5
Circuit contains 12 nets.
Contents of circuit 2:  Circuit: 'sky130_fd_sc_hd__and3b_4'
Circuit sky130_fd_sc_hd__and3b_4 contains 16 device instances.
  Class: sky130_fd_pr__nfet_01v8 instances:   8
  Class: sky130_fd_pr__pfet_01v8_hvt instances:   8
Circuit contains 12 nets.

Circuit was modified by parallel/series device merging.
New circuit summary:

Contents of circuit 1:  Circuit: 'EZ_sky130_fd_sc_hd__and3b_4'
Circuit EZ_sky130_fd_sc_hd__and3b_4 contains 10 device instances.
  Class: sky130_fd_pr__nfet_01v8 instances:   5
  Class: sky130_fd_pr__pfet_01v8_hvt instances:   5
Circuit contains 12 nets.
Contents of circuit 2:  Circuit: 'sky130_fd_sc_hd__and3b_4'
Circuit sky130_fd_sc_hd__and3b_4 contains 10 device instances.
  Class: sky130_fd_pr__nfet_01v8 instances:   5
  Class: sky130_fd_pr__pfet_01v8_hvt instances:   5
Circuit contains 12 nets.

Circuit 1 contains 10 devices, Circuit 2 contains 10 devices.
Circuit 1 contains 12 nets,    Circuit 2 contains 12 nets.


Contents of circuit 1:  Circuit: 'EZ_sky130_fd_sc_hd__and3_1'
Circuit EZ_sky130_fd_sc_hd__and3_1 contains 8 device instances.
  Class: sky130_fd_pr__nfet_01v8 instances:   4
  Class: sky130_fd_pr__pfet_01v8_hvt instances:   4
Circuit contains 11 nets.
Contents of circuit 2:  Circuit: 'sky130_fd_sc_hd__and3_1'
Circuit sky130_fd_sc_hd__and3_1 contains 8 device instances.
  Class: sky130_fd_pr__nfet_01v8 instances:   4
  Class: sky130_fd_pr__pfet_01v8_hvt instances:   4
Circuit contains 11 nets.

Circuit 1 contains 8 devices, Circuit 2 contains 8 devices.
Circuit 1 contains 11 nets,    Circuit 2 contains 11 nets.


Contents of circuit 1:  Circuit: 'EZ_sky130_fd_sc_hd__dfxtp_4'
Circuit EZ_sky130_fd_sc_hd__dfxtp_4 contains 24 device instances.
  Class: sky130_fd_pr__nfet_01v8 instances:   8
  Class: sky130_fd_pr__pfet_01v8_hvt instances:  12
  Class: sky130_fd_pr__special_nfet_01v8 instances:   4
Circuit contains 18 nets.
Contents of circuit 2:  Circuit: 'sky130_fd_sc_hd__dfxtp_4'
Circuit sky130_fd_sc_hd__dfxtp_4 contains 30 device instances.
  Class: sky130_fd_pr__nfet_01v8 instances:  11
  Class: sky130_fd_pr__pfet_01v8_hvt instances:  15
  Class: sky130_fd_pr__special_nfet_01v8 instances:   4
Circuit contains 18 nets.

Circuit was modified by parallel/series device merging.
New circuit summary:

Contents of circuit 1:  Circuit: 'EZ_sky130_fd_sc_hd__dfxtp_4'
Circuit EZ_sky130_fd_sc_hd__dfxtp_4 contains 24 device instances.
  Class: sky130_fd_pr__nfet_01v8 instances:   8
  Class: sky130_fd_pr__pfet_01v8_hvt instances:  12
  Class: sky130_fd_pr__special_nfet_01v8 instances:   4
Circuit contains 18 nets.
Contents of circuit 2:  Circuit: 'sky130_fd_sc_hd__dfxtp_4'
Circuit sky130_fd_sc_hd__dfxtp_4 contains 24 device instances.
  Class: sky130_fd_pr__nfet_01v8 instances:   8
  Class: sky130_fd_pr__pfet_01v8_hvt instances:  12
  Class: sky130_fd_pr__special_nfet_01v8 instances:   4
Circuit contains 18 nets.

Circuit 1 contains 24 devices, Circuit 2 contains 24 devices.
Circuit 1 contains 18 nets,    Circuit 2 contains 18 nets.


Contents of circuit 1:  Circuit: 'EZ_sky130_fd_sc_hd__a21boi_1'
Circuit EZ_sky130_fd_sc_hd__a21boi_1 contains 8 device instances.
  Class: sky130_fd_pr__nfet_01v8 instances:   4
  Class: sky130_fd_pr__pfet_01v8_hvt instances:   4
Circuit contains 11 nets.
Contents of circuit 2:  Circuit: 'sky130_fd_sc_hd__a21boi_1'
Circuit sky130_fd_sc_hd__a21boi_1 contains 8 device instances.
  Class: sky130_fd_pr__nfet_01v8 instances:   4
  Class: sky130_fd_pr__pfet_01v8_hvt instances:   4
Circuit contains 11 nets.

Circuit 1 contains 8 devices, Circuit 2 contains 8 devices.
Circuit 1 contains 11 nets,    Circuit 2 contains 11 nets.


Contents of circuit 1:  Circuit: 'EZ_sky130_fd_sc_hd__a31o_1'
Circuit EZ_sky130_fd_sc_hd__a31o_1 contains 10 device instances.
  Class: sky130_fd_pr__nfet_01v8 instances:   5
  Class: sky130_fd_pr__pfet_01v8_hvt instances:   5
Circuit contains 13 nets.
Contents of circuit 2:  Circuit: 'sky130_fd_sc_hd__a31o_1'
Circuit sky130_fd_sc_hd__a31o_1 contains 10 device instances.
  Class: sky130_fd_pr__nfet_01v8 instances:   5
  Class: sky130_fd_pr__pfet_01v8_hvt instances:   5
Circuit contains 13 nets.

Circuit 1 contains 10 devices, Circuit 2 contains 10 devices.
Circuit 1 contains 13 nets,    Circuit 2 contains 13 nets.


Contents of circuit 1:  Circuit: 'EZ_sky130_fd_sc_hd__clkbuf_8'
Circuit EZ_sky130_fd_sc_hd__clkbuf_8 contains 4 device instances.
  Class: sky130_fd_pr__nfet_01v8 instances:   2
  Class: sky130_fd_pr__pfet_01v8_hvt instances:   2
Circuit contains 7 nets.
Contents of circuit 2:  Circuit: 'sky130_fd_sc_hd__clkbuf_8'
Circuit sky130_fd_sc_hd__clkbuf_8 contains 20 device instances.
  Class: sky130_fd_pr__nfet_01v8 instances:  10
  Class: sky130_fd_pr__pfet_01v8_hvt instances:  10
Circuit contains 7 nets.

Circuit was modified by parallel/series device merging.
New circuit summary:

Contents of circuit 1:  Circuit: 'EZ_sky130_fd_sc_hd__clkbuf_8'
Circuit EZ_sky130_fd_sc_hd__clkbuf_8 contains 4 device instances.
  Class: sky130_fd_pr__nfet_01v8 instances:   2
  Class: sky130_fd_pr__pfet_01v8_hvt instances:   2
Circuit contains 7 nets.
Contents of circuit 2:  Circuit: 'sky130_fd_sc_hd__clkbuf_8'
Circuit sky130_fd_sc_hd__clkbuf_8 contains 4 device instances.
  Class: sky130_fd_pr__nfet_01v8 instances:   2
  Class: sky130_fd_pr__pfet_01v8_hvt instances:   2
Circuit contains 7 nets.

Circuit 1 contains 4 devices, Circuit 2 contains 4 devices.
Circuit 1 contains 7 nets,    Circuit 2 contains 7 nets.


Contents of circuit 1:  Circuit: 'EZ_sky130_fd_sc_hd__a21oi_1'
Circuit EZ_sky130_fd_sc_hd__a21oi_1 contains 6 device instances.
  Class: sky130_fd_pr__nfet_01v8 instances:   3
  Class: sky130_fd_pr__pfet_01v8_hvt instances:   3
Circuit contains 10 nets.
Contents of circuit 2:  Circuit: 'sky130_fd_sc_hd__a21oi_1'
Circuit sky130_fd_sc_hd__a21oi_1 contains 6 device instances.
  Class: sky130_fd_pr__nfet_01v8 instances:   3
  Class: sky130_fd_pr__pfet_01v8_hvt instances:   3
Circuit contains 10 nets.

Circuit 1 contains 6 devices, Circuit 2 contains 6 devices.
Circuit 1 contains 10 nets,    Circuit 2 contains 10 nets.


Contents of circuit 1:  Circuit: 'EZ_sky130_fd_sc_hd__a31o_4'
Circuit EZ_sky130_fd_sc_hd__a31o_4 contains 13 device instances.
  Class: sky130_fd_pr__nfet_01v8 instances:   8
  Class: sky130_fd_pr__pfet_01v8_hvt instances:   5
Circuit contains 15 nets.
Contents of circuit 2:  Circuit: 'sky130_fd_sc_hd__a31o_4'
Circuit sky130_fd_sc_hd__a31o_4 contains 24 device instances.
  Class: sky130_fd_pr__nfet_01v8 instances:  12
  Class: sky130_fd_pr__pfet_01v8_hvt instances:  12
Circuit contains 15 nets.

Circuit was modified by parallel/series device merging.
New circuit summary:

Contents of circuit 1:  Circuit: 'EZ_sky130_fd_sc_hd__a31o_4'
Circuit EZ_sky130_fd_sc_hd__a31o_4 contains 13 device instances.
  Class: sky130_fd_pr__nfet_01v8 instances:   8
  Class: sky130_fd_pr__pfet_01v8_hvt instances:   5
Circuit contains 15 nets.
Contents of circuit 2:  Circuit: 'sky130_fd_sc_hd__a31o_4'
Circuit sky130_fd_sc_hd__a31o_4 contains 13 device instances.
  Class: sky130_fd_pr__nfet_01v8 instances:   8
  Class: sky130_fd_pr__pfet_01v8_hvt instances:   5
Circuit contains 15 nets.

Circuit 1 contains 13 devices, Circuit 2 contains 13 devices.
Circuit 1 contains 15 nets,    Circuit 2 contains 15 nets.


Contents of circuit 1:  Circuit: 'EZ_sky130_fd_sc_hd__clkbuf_4'
Circuit EZ_sky130_fd_sc_hd__clkbuf_4 contains 4 device instances.
  Class: sky130_fd_pr__nfet_01v8 instances:   2
  Class: sky130_fd_pr__pfet_01v8_hvt instances:   2
Circuit contains 7 nets.
Contents of circuit 2:  Circuit: 'sky130_fd_sc_hd__clkbuf_4'
Circuit sky130_fd_sc_hd__clkbuf_4 contains 10 device instances.
  Class: sky130_fd_pr__nfet_01v8 instances:   5
  Class: sky130_fd_pr__pfet_01v8_hvt instances:   5
Circuit contains 7 nets.

Circuit was modified by parallel/series device merging.
New circuit summary:

Contents of circuit 1:  Circuit: 'EZ_sky130_fd_sc_hd__clkbuf_4'
Circuit EZ_sky130_fd_sc_hd__clkbuf_4 contains 4 device instances.
  Class: sky130_fd_pr__nfet_01v8 instances:   2
  Class: sky130_fd_pr__pfet_01v8_hvt instances:   2
Circuit contains 7 nets.
Contents of circuit 2:  Circuit: 'sky130_fd_sc_hd__clkbuf_4'
Circuit sky130_fd_sc_hd__clkbuf_4 contains 4 device instances.
  Class: sky130_fd_pr__nfet_01v8 instances:   2
  Class: sky130_fd_pr__pfet_01v8_hvt instances:   2
Circuit contains 7 nets.

Circuit 1 contains 4 devices, Circuit 2 contains 4 devices.
Circuit 1 contains 7 nets,    Circuit 2 contains 7 nets.


Contents of circuit 1:  Circuit: 'EZ_sky130_fd_sc_hd__dfxtp_2'
Circuit EZ_sky130_fd_sc_hd__dfxtp_2 contains 24 device instances.
  Class: sky130_fd_pr__nfet_01v8 instances:   8
  Class: sky130_fd_pr__pfet_01v8_hvt instances:  12
  Class: sky130_fd_pr__special_nfet_01v8 instances:   4
Circuit contains 18 nets.
Contents of circuit 2:  Circuit: 'sky130_fd_sc_hd__dfxtp_2'
Circuit sky130_fd_sc_hd__dfxtp_2 contains 26 device instances.
  Class: sky130_fd_pr__nfet_01v8 instances:   9
  Class: sky130_fd_pr__pfet_01v8_hvt instances:  13
  Class: sky130_fd_pr__special_nfet_01v8 instances:   4
Circuit contains 18 nets.

Circuit was modified by parallel/series device merging.
New circuit summary:

Contents of circuit 1:  Circuit: 'EZ_sky130_fd_sc_hd__dfxtp_2'
Circuit EZ_sky130_fd_sc_hd__dfxtp_2 contains 24 device instances.
  Class: sky130_fd_pr__nfet_01v8 instances:   8
  Class: sky130_fd_pr__pfet_01v8_hvt instances:  12
  Class: sky130_fd_pr__special_nfet_01v8 instances:   4
Circuit contains 18 nets.
Contents of circuit 2:  Circuit: 'sky130_fd_sc_hd__dfxtp_2'
Circuit sky130_fd_sc_hd__dfxtp_2 contains 24 device instances.
  Class: sky130_fd_pr__nfet_01v8 instances:   8
  Class: sky130_fd_pr__pfet_01v8_hvt instances:  12
  Class: sky130_fd_pr__special_nfet_01v8 instances:   4
Circuit contains 18 nets.

Circuit 1 contains 24 devices, Circuit 2 contains 24 devices.
Circuit 1 contains 18 nets,    Circuit 2 contains 18 nets.


Contents of circuit 1:  Circuit: 'EZ_sky130_fd_sc_hd__a21bo_1'
Circuit EZ_sky130_fd_sc_hd__a21bo_1 contains 10 device instances.
  Class: sky130_fd_pr__nfet_01v8 instances:   5
  Class: sky130_fd_pr__pfet_01v8_hvt instances:   5
Circuit contains 12 nets.
Contents of circuit 2:  Circuit: 'sky130_fd_sc_hd__a21bo_1'
Circuit sky130_fd_sc_hd__a21bo_1 contains 10 device instances.
  Class: sky130_fd_pr__nfet_01v8 instances:   5
  Class: sky130_fd_pr__pfet_01v8_hvt instances:   5
Circuit contains 12 nets.

Circuit 1 contains 10 devices, Circuit 2 contains 10 devices.
Circuit 1 contains 12 nets,    Circuit 2 contains 12 nets.


Contents of circuit 1:  Circuit: 'EZ_sky130_fd_sc_hd__a41o_4'
Circuit EZ_sky130_fd_sc_hd__a41o_4 contains 12 device instances.
  Class: sky130_fd_pr__nfet_01v8 instances:   6
  Class: sky130_fd_pr__pfet_01v8_hvt instances:   6
Circuit contains 15 nets.
Contents of circuit 2:  Circuit: 'sky130_fd_sc_hd__a41o_4'
Circuit sky130_fd_sc_hd__a41o_4 contains 28 device instances.
  Class: sky130_fd_pr__nfet_01v8 instances:  14
  Class: sky130_fd_pr__pfet_01v8_hvt instances:  14
Circuit contains 15 nets.

Circuit was modified by parallel/series device merging.
New circuit summary:

Contents of circuit 1:  Circuit: 'EZ_sky130_fd_sc_hd__a41o_4'
Circuit EZ_sky130_fd_sc_hd__a41o_4 contains 12 device instances.
  Class: sky130_fd_pr__nfet_01v8 instances:   6
  Class: sky130_fd_pr__pfet_01v8_hvt instances:   6
Circuit contains 15 nets.
Contents of circuit 2:  Circuit: 'sky130_fd_sc_hd__a41o_4'
Circuit sky130_fd_sc_hd__a41o_4 contains 12 device instances.
  Class: sky130_fd_pr__nfet_01v8 instances:   6
  Class: sky130_fd_pr__pfet_01v8_hvt instances:   6
Circuit contains 15 nets.

Circuit 1 contains 12 devices, Circuit 2 contains 12 devices.
Circuit 1 contains 15 nets,    Circuit 2 contains 15 nets.


Contents of circuit 1:  Circuit: 'EZ_sky130_fd_sc_hd__o2bb2a_1'
Circuit EZ_sky130_fd_sc_hd__o2bb2a_1 contains 12 device instances.
  Class: sky130_fd_pr__nfet_01v8 instances:   6
  Class: sky130_fd_pr__pfet_01v8_hvt instances:   6
Circuit contains 14 nets.
Contents of circuit 2:  Circuit: 'sky130_fd_sc_hd__o2bb2a_1'
Circuit sky130_fd_sc_hd__o2bb2a_1 contains 12 device instances.
  Class: sky130_fd_pr__nfet_01v8 instances:   6
  Class: sky130_fd_pr__pfet_01v8_hvt instances:   6
Circuit contains 14 nets.

Circuit 1 contains 12 devices, Circuit 2 contains 12 devices.
Circuit 1 contains 14 nets,    Circuit 2 contains 14 nets.


Contents of circuit 1:  Circuit: 'EZ_sky130_fd_sc_hd__a211o_1'
Circuit EZ_sky130_fd_sc_hd__a211o_1 contains 10 device instances.
  Class: sky130_fd_pr__nfet_01v8 instances:   5
  Class: sky130_fd_pr__pfet_01v8_hvt instances:   5
Circuit contains 13 nets.
Contents of circuit 2:  Circuit: 'sky130_fd_sc_hd__a211o_1'
Circuit sky130_fd_sc_hd__a211o_1 contains 10 device instances.
  Class: sky130_fd_pr__nfet_01v8 instances:   5
  Class: sky130_fd_pr__pfet_01v8_hvt instances:   5
Circuit contains 13 nets.

Circuit 1 contains 10 devices, Circuit 2 contains 10 devices.
Circuit 1 contains 13 nets,    Circuit 2 contains 13 nets.


Contents of circuit 1:  Circuit: 'EZ_sky130_fd_sc_hd__or3b_4'
Circuit EZ_sky130_fd_sc_hd__or3b_4 contains 10 device instances.
  Class: sky130_fd_pr__nfet_01v8 instances:   5
  Class: sky130_fd_pr__pfet_01v8_hvt instances:   5
Circuit contains 12 nets.
Contents of circuit 2:  Circuit: 'sky130_fd_sc_hd__or3b_4'
Circuit sky130_fd_sc_hd__or3b_4 contains 16 device instances.
  Class: sky130_fd_pr__nfet_01v8 instances:   8
  Class: sky130_fd_pr__pfet_01v8_hvt instances:   8
Circuit contains 12 nets.

Circuit was modified by parallel/series device merging.
New circuit summary:

Contents of circuit 1:  Circuit: 'EZ_sky130_fd_sc_hd__or3b_4'
Circuit EZ_sky130_fd_sc_hd__or3b_4 contains 10 device instances.
  Class: sky130_fd_pr__nfet_01v8 instances:   5
  Class: sky130_fd_pr__pfet_01v8_hvt instances:   5
Circuit contains 12 nets.
Contents of circuit 2:  Circuit: 'sky130_fd_sc_hd__or3b_4'
Circuit sky130_fd_sc_hd__or3b_4 contains 10 device instances.
  Class: sky130_fd_pr__nfet_01v8 instances:   5
  Class: sky130_fd_pr__pfet_01v8_hvt instances:   5
Circuit contains 12 nets.

Circuit 1 contains 10 devices, Circuit 2 contains 10 devices.
Circuit 1 contains 12 nets,    Circuit 2 contains 12 nets.


Contents of circuit 1:  Circuit: 'EZ_sky130_fd_sc_hd__a41oi_4'
Circuit EZ_sky130_fd_sc_hd__a41oi_4 contains 10 device instances.
  Class: sky130_fd_pr__nfet_01v8 instances:   5
  Class: sky130_fd_pr__pfet_01v8_hvt instances:   5
Circuit contains 14 nets.
Contents of circuit 2:  Circuit: 'sky130_fd_sc_hd__a41oi_4'
Circuit sky130_fd_sc_hd__a41oi_4 contains 40 device instances.
  Class: sky130_fd_pr__nfet_01v8 instances:  20
  Class: sky130_fd_pr__pfet_01v8_hvt instances:  20
Circuit contains 14 nets.

Circuit was modified by parallel/series device merging.
New circuit summary:

Contents of circuit 1:  Circuit: 'EZ_sky130_fd_sc_hd__a41oi_4'
Circuit EZ_sky130_fd_sc_hd__a41oi_4 contains 10 device instances.
  Class: sky130_fd_pr__nfet_01v8 instances:   5
  Class: sky130_fd_pr__pfet_01v8_hvt instances:   5
Circuit contains 14 nets.
Contents of circuit 2:  Circuit: 'sky130_fd_sc_hd__a41oi_4'
Circuit sky130_fd_sc_hd__a41oi_4 contains 10 device instances.
  Class: sky130_fd_pr__nfet_01v8 instances:   5
  Class: sky130_fd_pr__pfet_01v8_hvt instances:   5
Circuit contains 14 nets.

Circuit 1 contains 10 devices, Circuit 2 contains 10 devices.
Circuit 1 contains 14 nets,    Circuit 2 contains 14 nets.


Contents of circuit 1:  Circuit: 'EZ_sky130_fd_sc_hd__a22o_1'
Circuit EZ_sky130_fd_sc_hd__a22o_1 contains 10 device instances.
  Class: sky130_fd_pr__nfet_01v8 instances:   5
  Class: sky130_fd_pr__pfet_01v8_hvt instances:   5
Circuit contains 13 nets.
Contents of circuit 2:  Circuit: 'sky130_fd_sc_hd__a22o_1'
Circuit sky130_fd_sc_hd__a22o_1 contains 10 device instances.
  Class: sky130_fd_pr__nfet_01v8 instances:   5
  Class: sky130_fd_pr__pfet_01v8_hvt instances:   5
Circuit contains 13 nets.

Circuit 1 contains 10 devices, Circuit 2 contains 10 devices.
Circuit 1 contains 13 nets,    Circuit 2 contains 13 nets.


Contents of circuit 1:  Circuit: 'EZ_sky130_fd_sc_hd__and2_2'
Circuit EZ_sky130_fd_sc_hd__and2_2 contains 6 device instances.
  Class: sky130_fd_pr__nfet_01v8 instances:   3
  Class: sky130_fd_pr__pfet_01v8_hvt instances:   3
Circuit contains 9 nets.
Contents of circuit 2:  Circuit: 'sky130_fd_sc_hd__and2_2'
Circuit sky130_fd_sc_hd__and2_2 contains 8 device instances.
  Class: sky130_fd_pr__nfet_01v8 instances:   4
  Class: sky130_fd_pr__pfet_01v8_hvt instances:   4
Circuit contains 9 nets.

Circuit was modified by parallel/series device merging.
New circuit summary:

Contents of circuit 1:  Circuit: 'EZ_sky130_fd_sc_hd__and2_2'
Circuit EZ_sky130_fd_sc_hd__and2_2 contains 6 device instances.
  Class: sky130_fd_pr__nfet_01v8 instances:   3
  Class: sky130_fd_pr__pfet_01v8_hvt instances:   3
Circuit contains 9 nets.
Contents of circuit 2:  Circuit: 'sky130_fd_sc_hd__and2_2'
Circuit sky130_fd_sc_hd__and2_2 contains 6 device instances.
  Class: sky130_fd_pr__nfet_01v8 instances:   3
  Class: sky130_fd_pr__pfet_01v8_hvt instances:   3
Circuit contains 9 nets.

Circuit 1 contains 6 devices, Circuit 2 contains 6 devices.
Circuit 1 contains 9 nets,    Circuit 2 contains 9 nets.


Contents of circuit 1:  Circuit: 'EZ_sky130_fd_sc_hd__clkbuf_16'
Circuit EZ_sky130_fd_sc_hd__clkbuf_16 contains 4 device instances.
  Class: sky130_fd_pr__nfet_01v8 instances:   2
  Class: sky130_fd_pr__pfet_01v8_hvt instances:   2
Circuit contains 7 nets.
Contents of circuit 2:  Circuit: 'sky130_fd_sc_hd__clkbuf_16'
Circuit sky130_fd_sc_hd__clkbuf_16 contains 40 device instances.
  Class: sky130_fd_pr__nfet_01v8 instances:  20
  Class: sky130_fd_pr__pfet_01v8_hvt instances:  20
Circuit contains 7 nets.

Circuit was modified by parallel/series device merging.
New circuit summary:

Contents of circuit 1:  Circuit: 'EZ_sky130_fd_sc_hd__clkbuf_16'
Circuit EZ_sky130_fd_sc_hd__clkbuf_16 contains 4 device instances.
  Class: sky130_fd_pr__nfet_01v8 instances:   2
  Class: sky130_fd_pr__pfet_01v8_hvt instances:   2
Circuit contains 7 nets.
Contents of circuit 2:  Circuit: 'sky130_fd_sc_hd__clkbuf_16'
Circuit sky130_fd_sc_hd__clkbuf_16 contains 4 device instances.
  Class: sky130_fd_pr__nfet_01v8 instances:   2
  Class: sky130_fd_pr__pfet_01v8_hvt instances:   2
Circuit contains 7 nets.

Circuit 1 contains 4 devices, Circuit 2 contains 4 devices.
Circuit 1 contains 7 nets,    Circuit 2 contains 7 nets.


Contents of circuit 1:  Circuit: 'EZ_sky130_fd_sc_hd__clkbuf_2'
Circuit EZ_sky130_fd_sc_hd__clkbuf_2 contains 4 device instances.
  Class: sky130_fd_pr__nfet_01v8 instances:   2
  Class: sky130_fd_pr__pfet_01v8_hvt instances:   2
Circuit contains 7 nets.
Contents of circuit 2:  Circuit: 'sky130_fd_sc_hd__clkbuf_2'
Circuit sky130_fd_sc_hd__clkbuf_2 contains 6 device instances.
  Class: sky130_fd_pr__nfet_01v8 instances:   3
  Class: sky130_fd_pr__pfet_01v8_hvt instances:   3
Circuit contains 7 nets.

Circuit was modified by parallel/series device merging.
New circuit summary:

Contents of circuit 1:  Circuit: 'EZ_sky130_fd_sc_hd__clkbuf_2'
Circuit EZ_sky130_fd_sc_hd__clkbuf_2 contains 4 device instances.
  Class: sky130_fd_pr__nfet_01v8 instances:   2
  Class: sky130_fd_pr__pfet_01v8_hvt instances:   2
Circuit contains 7 nets.
Contents of circuit 2:  Circuit: 'sky130_fd_sc_hd__clkbuf_2'
Circuit sky130_fd_sc_hd__clkbuf_2 contains 4 device instances.
  Class: sky130_fd_pr__nfet_01v8 instances:   2
  Class: sky130_fd_pr__pfet_01v8_hvt instances:   2
Circuit contains 7 nets.

Circuit 1 contains 4 devices, Circuit 2 contains 4 devices.
Circuit 1 contains 7 nets,    Circuit 2 contains 7 nets.


Contents of circuit 1:  Circuit: 'EZ_sky130_fd_sc_hd__or2_2'
Circuit EZ_sky130_fd_sc_hd__or2_2 contains 6 device instances.
  Class: sky130_fd_pr__nfet_01v8 instances:   3
  Class: sky130_fd_pr__pfet_01v8_hvt instances:   3
Circuit contains 9 nets.
Contents of circuit 2:  Circuit: 'sky130_fd_sc_hd__or2_2'
Circuit sky130_fd_sc_hd__or2_2 contains 8 device instances.
  Class: sky130_fd_pr__nfet_01v8 instances:   4
  Class: sky130_fd_pr__pfet_01v8_hvt instances:   4
Circuit contains 9 nets.

Circuit was modified by parallel/series device merging.
New circuit summary:

Contents of circuit 1:  Circuit: 'EZ_sky130_fd_sc_hd__or2_2'
Circuit EZ_sky130_fd_sc_hd__or2_2 contains 6 device instances.
  Class: sky130_fd_pr__nfet_01v8 instances:   3
  Class: sky130_fd_pr__pfet_01v8_hvt instances:   3
Circuit contains 9 nets.
Contents of circuit 2:  Circuit: 'sky130_fd_sc_hd__or2_2'
Circuit sky130_fd_sc_hd__or2_2 contains 6 device instances.
  Class: sky130_fd_pr__nfet_01v8 instances:   3
  Class: sky130_fd_pr__pfet_01v8_hvt instances:   3
Circuit contains 9 nets.

Circuit 1 contains 6 devices, Circuit 2 contains 6 devices.
Circuit 1 contains 9 nets,    Circuit 2 contains 9 nets.


Contents of circuit 1:  Circuit: 'EZ_sky130_fd_sc_hd__nand4_2'
Circuit EZ_sky130_fd_sc_hd__nand4_2 contains 8 device instances.
  Class: sky130_fd_pr__nfet_01v8 instances:   4
  Class: sky130_fd_pr__pfet_01v8_hvt instances:   4
Circuit contains 12 nets.
Contents of circuit 2:  Circuit: 'sky130_fd_sc_hd__nand4_2'
Circuit sky130_fd_sc_hd__nand4_2 contains 16 device instances.
  Class: sky130_fd_pr__nfet_01v8 instances:   8
  Class: sky130_fd_pr__pfet_01v8_hvt instances:   8
Circuit contains 12 nets.

Circuit was modified by parallel/series device merging.
New circuit summary:

Contents of circuit 1:  Circuit: 'EZ_sky130_fd_sc_hd__nand4_2'
Circuit EZ_sky130_fd_sc_hd__nand4_2 contains 8 device instances.
  Class: sky130_fd_pr__nfet_01v8 instances:   4
  Class: sky130_fd_pr__pfet_01v8_hvt instances:   4
Circuit contains 12 nets.
Contents of circuit 2:  Circuit: 'sky130_fd_sc_hd__nand4_2'
Circuit sky130_fd_sc_hd__nand4_2 contains 8 device instances.
  Class: sky130_fd_pr__nfet_01v8 instances:   4
  Class: sky130_fd_pr__pfet_01v8_hvt instances:   4
Circuit contains 12 nets.

Circuit 1 contains 8 devices, Circuit 2 contains 8 devices.
Circuit 1 contains 12 nets,    Circuit 2 contains 12 nets.


Contents of circuit 1:  Circuit: 'EZ_sky130_fd_sc_hd__and4_1'
Circuit EZ_sky130_fd_sc_hd__and4_1 contains 10 device instances.
  Class: sky130_fd_pr__nfet_01v8 instances:   5
  Class: sky130_fd_pr__pfet_01v8_hvt instances:   5
Circuit contains 13 nets.
Contents of circuit 2:  Circuit: 'sky130_fd_sc_hd__and4_1'
Circuit sky130_fd_sc_hd__and4_1 contains 10 device instances.
  Class: sky130_fd_pr__nfet_01v8 instances:   5
  Class: sky130_fd_pr__pfet_01v8_hvt instances:   5
Circuit contains 13 nets.

Circuit 1 contains 10 devices, Circuit 2 contains 10 devices.
Circuit 1 contains 13 nets,    Circuit 2 contains 13 nets.


Contents of circuit 1:  Circuit: 'EZ_sky130_fd_sc_hd__inv_2'
Circuit EZ_sky130_fd_sc_hd__inv_2 contains 2 device instances.
  Class: sky130_fd_pr__nfet_01v8 instances:   1
  Class: sky130_fd_pr__pfet_01v8_hvt instances:   1
Circuit contains 6 nets.
Contents of circuit 2:  Circuit: 'sky130_fd_sc_hd__inv_2'
Circuit sky130_fd_sc_hd__inv_2 contains 4 device instances.
  Class: sky130_fd_pr__nfet_01v8 instances:   2
  Class: sky130_fd_pr__pfet_01v8_hvt instances:   2
Circuit contains 6 nets.

Circuit was modified by parallel/series device merging.
New circuit summary:

Contents of circuit 1:  Circuit: 'EZ_sky130_fd_sc_hd__inv_2'
Circuit EZ_sky130_fd_sc_hd__inv_2 contains 2 device instances.
  Class: sky130_fd_pr__nfet_01v8 instances:   1
  Class: sky130_fd_pr__pfet_01v8_hvt instances:   1
Circuit contains 6 nets.
Contents of circuit 2:  Circuit: 'sky130_fd_sc_hd__inv_2'
Circuit sky130_fd_sc_hd__inv_2 contains 2 device instances.
  Class: sky130_fd_pr__nfet_01v8 instances:   1
  Class: sky130_fd_pr__pfet_01v8_hvt instances:   1
Circuit contains 6 nets.

Circuit 1 contains 2 devices, Circuit 2 contains 2 devices.
Circuit 1 contains 6 nets,    Circuit 2 contains 6 nets.


Contents of circuit 1:  Circuit: 'EZ_sky130_fd_sc_hd__nand2b_1'
Circuit EZ_sky130_fd_sc_hd__nand2b_1 contains 6 device instances.
  Class: sky130_fd_pr__nfet_01v8 instances:   3
  Class: sky130_fd_pr__pfet_01v8_hvt instances:   3
Circuit contains 9 nets.
Contents of circuit 2:  Circuit: 'sky130_fd_sc_hd__nand2b_1'
Circuit sky130_fd_sc_hd__nand2b_1 contains 6 device instances.
  Class: sky130_fd_pr__nfet_01v8 instances:   3
  Class: sky130_fd_pr__pfet_01v8_hvt instances:   3
Circuit contains 9 nets.

Circuit 1 contains 6 devices, Circuit 2 contains 6 devices.
Circuit 1 contains 9 nets,    Circuit 2 contains 9 nets.


Contents of circuit 1:  Circuit: 'EZ_sky130_fd_sc_hd__or3_4'
Circuit EZ_sky130_fd_sc_hd__or3_4 contains 8 device instances.
  Class: sky130_fd_pr__nfet_01v8 instances:   4
  Class: sky130_fd_pr__pfet_01v8_hvt instances:   4
Circuit contains 11 nets.
Contents of circuit 2:  Circuit: 'sky130_fd_sc_hd__or3_4'
Circuit sky130_fd_sc_hd__or3_4 contains 14 device instances.
  Class: sky130_fd_pr__nfet_01v8 instances:   7
  Class: sky130_fd_pr__pfet_01v8_hvt instances:   7
Circuit contains 11 nets.

Circuit was modified by parallel/series device merging.
New circuit summary:

Contents of circuit 1:  Circuit: 'EZ_sky130_fd_sc_hd__or3_4'
Circuit EZ_sky130_fd_sc_hd__or3_4 contains 8 device instances.
  Class: sky130_fd_pr__nfet_01v8 instances:   4
  Class: sky130_fd_pr__pfet_01v8_hvt instances:   4
Circuit contains 11 nets.
Contents of circuit 2:  Circuit: 'sky130_fd_sc_hd__or3_4'
Circuit sky130_fd_sc_hd__or3_4 contains 8 device instances.
  Class: sky130_fd_pr__nfet_01v8 instances:   4
  Class: sky130_fd_pr__pfet_01v8_hvt instances:   4
Circuit contains 11 nets.

Circuit 1 contains 8 devices, Circuit 2 contains 8 devices.
Circuit 1 contains 11 nets,    Circuit 2 contains 11 nets.


Contents of circuit 1:  Circuit: 'EZ_sky130_fd_sc_hd__or2_1'
Circuit EZ_sky130_fd_sc_hd__or2_1 contains 6 device instances.
  Class: sky130_fd_pr__nfet_01v8 instances:   3
  Class: sky130_fd_pr__pfet_01v8_hvt instances:   3
Circuit contains 9 nets.
Contents of circuit 2:  Circuit: 'sky130_fd_sc_hd__or2_1'
Circuit sky130_fd_sc_hd__or2_1 contains 6 device instances.
  Class: sky130_fd_pr__nfet_01v8 instances:   3
  Class: sky130_fd_pr__pfet_01v8_hvt instances:   3
Circuit contains 9 nets.

Circuit 1 contains 6 devices, Circuit 2 contains 6 devices.
Circuit 1 contains 9 nets,    Circuit 2 contains 9 nets.


Contents of circuit 1:  Circuit: 'EZ_sky130_fd_sc_hd__a21oi_4'
Circuit EZ_sky130_fd_sc_hd__a21oi_4 contains 6 device instances.
  Class: sky130_fd_pr__nfet_01v8 instances:   3
  Class: sky130_fd_pr__pfet_01v8_hvt instances:   3
Circuit contains 10 nets.
Contents of circuit 2:  Circuit: 'sky130_fd_sc_hd__a21oi_4'
Circuit sky130_fd_sc_hd__a21oi_4 contains 24 device instances.
  Class: sky130_fd_pr__nfet_01v8 instances:  12
  Class: sky130_fd_pr__pfet_01v8_hvt instances:  12
Circuit contains 10 nets.

Circuit was modified by parallel/series device merging.
New circuit summary:

Contents of circuit 1:  Circuit: 'EZ_sky130_fd_sc_hd__a21oi_4'
Circuit EZ_sky130_fd_sc_hd__a21oi_4 contains 6 device instances.
  Class: sky130_fd_pr__nfet_01v8 instances:   3
  Class: sky130_fd_pr__pfet_01v8_hvt instances:   3
Circuit contains 10 nets.
Contents of circuit 2:  Circuit: 'sky130_fd_sc_hd__a21oi_4'
Circuit sky130_fd_sc_hd__a21oi_4 contains 6 device instances.
  Class: sky130_fd_pr__nfet_01v8 instances:   3
  Class: sky130_fd_pr__pfet_01v8_hvt instances:   3
Circuit contains 10 nets.

Circuit 1 contains 6 devices, Circuit 2 contains 6 devices.
Circuit 1 contains 10 nets,    Circuit 2 contains 10 nets.


Contents of circuit 1:  Circuit: 'EZ_sky130_fd_sc_hd__nand2_1'
Circuit EZ_sky130_fd_sc_hd__nand2_1 contains 4 device instances.
  Class: sky130_fd_pr__nfet_01v8 instances:   2
  Class: sky130_fd_pr__pfet_01v8_hvt instances:   2
Circuit contains 8 nets.
Contents of circuit 2:  Circuit: 'sky130_fd_sc_hd__nand2_1'
Circuit sky130_fd_sc_hd__nand2_1 contains 4 device instances.
  Class: sky130_fd_pr__nfet_01v8 instances:   2
  Class: sky130_fd_pr__pfet_01v8_hvt instances:   2
Circuit contains 8 nets.

Circuit 1 contains 4 devices, Circuit 2 contains 4 devices.
Circuit 1 contains 8 nets,    Circuit 2 contains 8 nets.


Contents of circuit 1:  Circuit: 'EZ_sky130_fd_sc_hd__a32o_4'
Circuit EZ_sky130_fd_sc_hd__a32o_4 contains 12 device instances.
  Class: sky130_fd_pr__nfet_01v8 instances:   6
  Class: sky130_fd_pr__pfet_01v8_hvt instances:   6
Circuit contains 15 nets.
Contents of circuit 2:  Circuit: 'sky130_fd_sc_hd__a32o_4'
Circuit sky130_fd_sc_hd__a32o_4 contains 28 device instances.
  Class: sky130_fd_pr__nfet_01v8 instances:  14
  Class: sky130_fd_pr__pfet_01v8_hvt instances:  14
Circuit contains 15 nets.

Circuit was modified by parallel/series device merging.
New circuit summary:

Contents of circuit 1:  Circuit: 'EZ_sky130_fd_sc_hd__a32o_4'
Circuit EZ_sky130_fd_sc_hd__a32o_4 contains 12 device instances.
  Class: sky130_fd_pr__nfet_01v8 instances:   6
  Class: sky130_fd_pr__pfet_01v8_hvt instances:   6
Circuit contains 15 nets.
Contents of circuit 2:  Circuit: 'sky130_fd_sc_hd__a32o_4'
Circuit sky130_fd_sc_hd__a32o_4 contains 12 device instances.
  Class: sky130_fd_pr__nfet_01v8 instances:   6
  Class: sky130_fd_pr__pfet_01v8_hvt instances:   6
Circuit contains 15 nets.

Circuit 1 contains 12 devices, Circuit 2 contains 12 devices.
Circuit 1 contains 15 nets,    Circuit 2 contains 15 nets.


Contents of circuit 1:  Circuit: 'EZ_sky130_fd_sc_hd__a21o_1'
Circuit EZ_sky130_fd_sc_hd__a21o_1 contains 8 device instances.
  Class: sky130_fd_pr__nfet_01v8 instances:   4
  Class: sky130_fd_pr__pfet_01v8_hvt instances:   4
Circuit contains 11 nets.
Contents of circuit 2:  Circuit: 'sky130_fd_sc_hd__a21o_1'
Circuit sky130_fd_sc_hd__a21o_1 contains 8 device instances.
  Class: sky130_fd_pr__nfet_01v8 instances:   4
  Class: sky130_fd_pr__pfet_01v8_hvt instances:   4
Circuit contains 11 nets.

Circuit 1 contains 8 devices, Circuit 2 contains 8 devices.
Circuit 1 contains 11 nets,    Circuit 2 contains 11 nets.


Contents of circuit 1:  Circuit: 'EZ_sky130_fd_sc_hd__a31o_2'
Circuit EZ_sky130_fd_sc_hd__a31o_2 contains 10 device instances.
  Class: sky130_fd_pr__nfet_01v8 instances:   5
  Class: sky130_fd_pr__pfet_01v8_hvt instances:   5
Circuit contains 13 nets.
Contents of circuit 2:  Circuit: 'sky130_fd_sc_hd__a31o_2'
Circuit sky130_fd_sc_hd__a31o_2 contains 12 device instances.
  Class: sky130_fd_pr__nfet_01v8 instances:   6
  Class: sky130_fd_pr__pfet_01v8_hvt instances:   6
Circuit contains 13 nets.

Circuit was modified by parallel/series device merging.
New circuit summary:

Contents of circuit 1:  Circuit: 'EZ_sky130_fd_sc_hd__a31o_2'
Circuit EZ_sky130_fd_sc_hd__a31o_2 contains 10 device instances.
  Class: sky130_fd_pr__nfet_01v8 instances:   5
  Class: sky130_fd_pr__pfet_01v8_hvt instances:   5
Circuit contains 13 nets.
Contents of circuit 2:  Circuit: 'sky130_fd_sc_hd__a31o_2'
Circuit sky130_fd_sc_hd__a31o_2 contains 10 device instances.
  Class: sky130_fd_pr__nfet_01v8 instances:   5
  Class: sky130_fd_pr__pfet_01v8_hvt instances:   5
Circuit contains 13 nets.

Circuit 1 contains 10 devices, Circuit 2 contains 10 devices.
Circuit 1 contains 13 nets,    Circuit 2 contains 13 nets.


Contents of circuit 1:  Circuit: 'EZ_sky130_fd_sc_hd__and4_2'
Circuit EZ_sky130_fd_sc_hd__and4_2 contains 10 device instances.
  Class: sky130_fd_pr__nfet_01v8 instances:   5
  Class: sky130_fd_pr__pfet_01v8_hvt instances:   5
Circuit contains 13 nets.
Contents of circuit 2:  Circuit: 'sky130_fd_sc_hd__and4_2'
Circuit sky130_fd_sc_hd__and4_2 contains 12 device instances.
  Class: sky130_fd_pr__nfet_01v8 instances:   6
  Class: sky130_fd_pr__pfet_01v8_hvt instances:   6
Circuit contains 13 nets.

Circuit was modified by parallel/series device merging.
New circuit summary:

Contents of circuit 1:  Circuit: 'EZ_sky130_fd_sc_hd__and4_2'
Circuit EZ_sky130_fd_sc_hd__and4_2 contains 10 device instances.
  Class: sky130_fd_pr__nfet_01v8 instances:   5
  Class: sky130_fd_pr__pfet_01v8_hvt instances:   5
Circuit contains 13 nets.
Contents of circuit 2:  Circuit: 'sky130_fd_sc_hd__and4_2'
Circuit sky130_fd_sc_hd__and4_2 contains 10 device instances.
  Class: sky130_fd_pr__nfet_01v8 instances:   5
  Class: sky130_fd_pr__pfet_01v8_hvt instances:   5
Circuit contains 13 nets.

Circuit 1 contains 10 devices, Circuit 2 contains 10 devices.
Circuit 1 contains 13 nets,    Circuit 2 contains 13 nets.


Contents of circuit 1:  Circuit: 'EZ_sky130_fd_sc_hd__xnor2_1'
Circuit EZ_sky130_fd_sc_hd__xnor2_1 contains 10 device instances.
  Class: sky130_fd_pr__nfet_01v8 instances:   5
  Class: sky130_fd_pr__pfet_01v8_hvt instances:   5
Circuit contains 11 nets.
Contents of circuit 2:  Circuit: 'sky130_fd_sc_hd__xnor2_1'
Circuit sky130_fd_sc_hd__xnor2_1 contains 10 device instances.
  Class: sky130_fd_pr__nfet_01v8 instances:   5
  Class: sky130_fd_pr__pfet_01v8_hvt instances:   5
Circuit contains 11 nets.

Circuit 1 contains 10 devices, Circuit 2 contains 10 devices.
Circuit 1 contains 11 nets,    Circuit 2 contains 11 nets.


Contents of circuit 1:  Circuit: 'EZ_sky130_fd_sc_hd__nand2_2'
Circuit EZ_sky130_fd_sc_hd__nand2_2 contains 4 device instances.
  Class: sky130_fd_pr__nfet_01v8 instances:   2
  Class: sky130_fd_pr__pfet_01v8_hvt instances:   2
Circuit contains 8 nets.
Contents of circuit 2:  Circuit: 'sky130_fd_sc_hd__nand2_2'
Circuit sky130_fd_sc_hd__nand2_2 contains 8 device instances.
  Class: sky130_fd_pr__nfet_01v8 instances:   4
  Class: sky130_fd_pr__pfet_01v8_hvt instances:   4
Circuit contains 8 nets.

Circuit was modified by parallel/series device merging.
New circuit summary:

Contents of circuit 1:  Circuit: 'EZ_sky130_fd_sc_hd__nand2_2'
Circuit EZ_sky130_fd_sc_hd__nand2_2 contains 4 device instances.
  Class: sky130_fd_pr__nfet_01v8 instances:   2
  Class: sky130_fd_pr__pfet_01v8_hvt instances:   2
Circuit contains 8 nets.
Contents of circuit 2:  Circuit: 'sky130_fd_sc_hd__nand2_2'
Circuit sky130_fd_sc_hd__nand2_2 contains 4 device instances.
  Class: sky130_fd_pr__nfet_01v8 instances:   2
  Class: sky130_fd_pr__pfet_01v8_hvt instances:   2
Circuit contains 8 nets.

Circuit 1 contains 4 devices, Circuit 2 contains 4 devices.
Circuit 1 contains 8 nets,    Circuit 2 contains 8 nets.


Contents of circuit 1:  Circuit: 'EZ_sky130_fd_sc_hd__clkbuf_1'
Circuit EZ_sky130_fd_sc_hd__clkbuf_1 contains 4 device instances.
  Class: sky130_fd_pr__nfet_01v8 instances:   2
  Class: sky130_fd_pr__pfet_01v8_hvt instances:   2
Circuit contains 7 nets.
Contents of circuit 2:  Circuit: 'sky130_fd_sc_hd__clkbuf_1'
Circuit sky130_fd_sc_hd__clkbuf_1 contains 4 device instances.
  Class: sky130_fd_pr__nfet_01v8 instances:   2
  Class: sky130_fd_pr__pfet_01v8_hvt instances:   2
Circuit contains 7 nets.

Circuit 1 contains 4 devices, Circuit 2 contains 4 devices.
Circuit 1 contains 7 nets,    Circuit 2 contains 7 nets.


Contents of circuit 1:  Circuit: 'EZ_sky130_fd_sc_hd__o32a_1'
Circuit EZ_sky130_fd_sc_hd__o32a_1 contains 12 device instances.
  Class: sky130_fd_pr__nfet_01v8 instances:   6
  Class: sky130_fd_pr__pfet_01v8_hvt instances:   6
Circuit contains 15 nets.
Contents of circuit 2:  Circuit: 'sky130_fd_sc_hd__o32a_1'
Circuit sky130_fd_sc_hd__o32a_1 contains 12 device instances.
  Class: sky130_fd_pr__nfet_01v8 instances:   6
  Class: sky130_fd_pr__pfet_01v8_hvt instances:   6
Circuit contains 15 nets.

Circuit 1 contains 12 devices, Circuit 2 contains 12 devices.
Circuit 1 contains 15 nets,    Circuit 2 contains 15 nets.


Contents of circuit 1:  Circuit: 'EZ_sky130_fd_sc_hd__buf_2'
Circuit EZ_sky130_fd_sc_hd__buf_2 contains 4 device instances.
  Class: sky130_fd_pr__nfet_01v8 instances:   2
  Class: sky130_fd_pr__pfet_01v8_hvt instances:   2
Circuit contains 7 nets.
Contents of circuit 2:  Circuit: 'sky130_fd_sc_hd__buf_2'
Circuit sky130_fd_sc_hd__buf_2 contains 6 device instances.
  Class: sky130_fd_pr__nfet_01v8 instances:   3
  Class: sky130_fd_pr__pfet_01v8_hvt instances:   3
Circuit contains 7 nets.

Circuit was modified by parallel/series device merging.
New circuit summary:

Contents of circuit 1:  Circuit: 'EZ_sky130_fd_sc_hd__buf_2'
Circuit EZ_sky130_fd_sc_hd__buf_2 contains 4 device instances.
  Class: sky130_fd_pr__nfet_01v8 instances:   2
  Class: sky130_fd_pr__pfet_01v8_hvt instances:   2
Circuit contains 7 nets.
Contents of circuit 2:  Circuit: 'sky130_fd_sc_hd__buf_2'
Circuit sky130_fd_sc_hd__buf_2 contains 4 device instances.
  Class: sky130_fd_pr__nfet_01v8 instances:   2
  Class: sky130_fd_pr__pfet_01v8_hvt instances:   2
Circuit contains 7 nets.

Circuit 1 contains 4 devices, Circuit 2 contains 4 devices.
Circuit 1 contains 7 nets,    Circuit 2 contains 7 nets.


Contents of circuit 1:  Circuit: 'EZ_sky130_fd_sc_hd__and4_4'
Circuit EZ_sky130_fd_sc_hd__and4_4 contains 10 device instances.
  Class: sky130_fd_pr__nfet_01v8 instances:   5
  Class: sky130_fd_pr__pfet_01v8_hvt instances:   5
Circuit contains 13 nets.
Contents of circuit 2:  Circuit: 'sky130_fd_sc_hd__and4_4'
Circuit sky130_fd_sc_hd__and4_4 contains 16 device instances.
  Class: sky130_fd_pr__nfet_01v8 instances:   8
  Class: sky130_fd_pr__pfet_01v8_hvt instances:   8
Circuit contains 13 nets.

Circuit was modified by parallel/series device merging.
New circuit summary:

Contents of circuit 1:  Circuit: 'EZ_sky130_fd_sc_hd__and4_4'
Circuit EZ_sky130_fd_sc_hd__and4_4 contains 10 device instances.
  Class: sky130_fd_pr__nfet_01v8 instances:   5
  Class: sky130_fd_pr__pfet_01v8_hvt instances:   5
Circuit contains 13 nets.
Contents of circuit 2:  Circuit: 'sky130_fd_sc_hd__and4_4'
Circuit sky130_fd_sc_hd__and4_4 contains 10 device instances.
  Class: sky130_fd_pr__nfet_01v8 instances:   5
  Class: sky130_fd_pr__pfet_01v8_hvt instances:   5
Circuit contains 13 nets.

Circuit 1 contains 10 devices, Circuit 2 contains 10 devices.
Circuit 1 contains 13 nets,    Circuit 2 contains 13 nets.


Contents of circuit 1:  Circuit: 'EZ_sky130_fd_sc_hd__o21a_1'
Circuit EZ_sky130_fd_sc_hd__o21a_1 contains 8 device instances.
  Class: sky130_fd_pr__nfet_01v8 instances:   4
  Class: sky130_fd_pr__pfet_01v8_hvt instances:   4
Circuit contains 11 nets.
Contents of circuit 2:  Circuit: 'sky130_fd_sc_hd__o21a_1'
Circuit sky130_fd_sc_hd__o21a_1 contains 8 device instances.
  Class: sky130_fd_pr__nfet_01v8 instances:   4
  Class: sky130_fd_pr__pfet_01v8_hvt instances:   4
Circuit contains 11 nets.

Circuit 1 contains 8 devices, Circuit 2 contains 8 devices.
Circuit 1 contains 11 nets,    Circuit 2 contains 11 nets.


Contents of circuit 1:  Circuit: 'EZ_sky130_fd_sc_hd__buf_8'
Circuit EZ_sky130_fd_sc_hd__buf_8 contains 4 device instances.
  Class: sky130_fd_pr__nfet_01v8 instances:   2
  Class: sky130_fd_pr__pfet_01v8_hvt instances:   2
Circuit contains 7 nets.
Contents of circuit 2:  Circuit: 'sky130_fd_sc_hd__buf_8'
Circuit sky130_fd_sc_hd__buf_8 contains 22 device instances.
  Class: sky130_fd_pr__nfet_01v8 instances:  11
  Class: sky130_fd_pr__pfet_01v8_hvt instances:  11
Circuit contains 7 nets.

Circuit was modified by parallel/series device merging.
New circuit summary:

Contents of circuit 1:  Circuit: 'EZ_sky130_fd_sc_hd__buf_8'
Circuit EZ_sky130_fd_sc_hd__buf_8 contains 4 device instances.
  Class: sky130_fd_pr__nfet_01v8 instances:   2
  Class: sky130_fd_pr__pfet_01v8_hvt instances:   2
Circuit contains 7 nets.
Contents of circuit 2:  Circuit: 'sky130_fd_sc_hd__buf_8'
Circuit sky130_fd_sc_hd__buf_8 contains 4 device instances.
  Class: sky130_fd_pr__nfet_01v8 instances:   2
  Class: sky130_fd_pr__pfet_01v8_hvt instances:   2
Circuit contains 7 nets.

Circuit 1 contains 4 devices, Circuit 2 contains 4 devices.
Circuit 1 contains 7 nets,    Circuit 2 contains 7 nets.


Contents of circuit 1:  Circuit: 'EZ_sky130_fd_sc_hd__buf_6'
Circuit EZ_sky130_fd_sc_hd__buf_6 contains 4 device instances.
  Class: sky130_fd_pr__nfet_01v8 instances:   2
  Class: sky130_fd_pr__pfet_01v8_hvt instances:   2
Circuit contains 7 nets.
Contents of circuit 2:  Circuit: 'sky130_fd_sc_hd__buf_6'
Circuit sky130_fd_sc_hd__buf_6 contains 16 device instances.
  Class: sky130_fd_pr__nfet_01v8 instances:   8
  Class: sky130_fd_pr__pfet_01v8_hvt instances:   8
Circuit contains 7 nets.

Circuit was modified by parallel/series device merging.
New circuit summary:

Contents of circuit 1:  Circuit: 'EZ_sky130_fd_sc_hd__buf_6'
Circuit EZ_sky130_fd_sc_hd__buf_6 contains 4 device instances.
  Class: sky130_fd_pr__nfet_01v8 instances:   2
  Class: sky130_fd_pr__pfet_01v8_hvt instances:   2
Circuit contains 7 nets.
Contents of circuit 2:  Circuit: 'sky130_fd_sc_hd__buf_6'
Circuit sky130_fd_sc_hd__buf_6 contains 4 device instances.
  Class: sky130_fd_pr__nfet_01v8 instances:   2
  Class: sky130_fd_pr__pfet_01v8_hvt instances:   2
Circuit contains 7 nets.

Circuit 1 contains 4 devices, Circuit 2 contains 4 devices.
Circuit 1 contains 7 nets,    Circuit 2 contains 7 nets.


Contents of circuit 1:  Circuit: 'EZ_sky130_fd_sc_hd__a41o_1'
Circuit EZ_sky130_fd_sc_hd__a41o_1 contains 12 device instances.
  Class: sky130_fd_pr__nfet_01v8 instances:   6
  Class: sky130_fd_pr__pfet_01v8_hvt instances:   6
Circuit contains 15 nets.
Contents of circuit 2:  Circuit: 'sky130_fd_sc_hd__a41o_1'
Circuit sky130_fd_sc_hd__a41o_1 contains 12 device instances.
  Class: sky130_fd_pr__nfet_01v8 instances:   6
  Class: sky130_fd_pr__pfet_01v8_hvt instances:   6
Circuit contains 15 nets.

Circuit 1 contains 12 devices, Circuit 2 contains 12 devices.
Circuit 1 contains 15 nets,    Circuit 2 contains 15 nets.


Contents of circuit 1:  Circuit: 'EZ_sky130_fd_sc_hd__nand2_8'
Circuit EZ_sky130_fd_sc_hd__nand2_8 contains 4 device instances.
  Class: sky130_fd_pr__nfet_01v8 instances:   2
  Class: sky130_fd_pr__pfet_01v8_hvt instances:   2
Circuit contains 8 nets.
Contents of circuit 2:  Circuit: 'sky130_fd_sc_hd__nand2_8'
Circuit sky130_fd_sc_hd__nand2_8 contains 32 device instances.
  Class: sky130_fd_pr__nfet_01v8 instances:  16
  Class: sky130_fd_pr__pfet_01v8_hvt instances:  16
Circuit contains 8 nets.

Circuit was modified by parallel/series device merging.
New circuit summary:

Contents of circuit 1:  Circuit: 'EZ_sky130_fd_sc_hd__nand2_8'
Circuit EZ_sky130_fd_sc_hd__nand2_8 contains 4 device instances.
  Class: sky130_fd_pr__nfet_01v8 instances:   2
  Class: sky130_fd_pr__pfet_01v8_hvt instances:   2
Circuit contains 8 nets.
Contents of circuit 2:  Circuit: 'sky130_fd_sc_hd__nand2_8'
Circuit sky130_fd_sc_hd__nand2_8 contains 4 device instances.
  Class: sky130_fd_pr__nfet_01v8 instances:   2
  Class: sky130_fd_pr__pfet_01v8_hvt instances:   2
Circuit contains 8 nets.

Circuit 1 contains 4 devices, Circuit 2 contains 4 devices.
Circuit 1 contains 8 nets,    Circuit 2 contains 8 nets.


Contents of circuit 1:  Circuit: 'EZ_sky130_fd_sc_hd__and2_4'
Circuit EZ_sky130_fd_sc_hd__and2_4 contains 6 device instances.
  Class: sky130_fd_pr__nfet_01v8 instances:   3
  Class: sky130_fd_pr__pfet_01v8_hvt instances:   3
Circuit contains 9 nets.
Contents of circuit 2:  Circuit: 'sky130_fd_sc_hd__and2_4'
Circuit sky130_fd_sc_hd__and2_4 contains 12 device instances.
  Class: sky130_fd_pr__nfet_01v8 instances:   6
  Class: sky130_fd_pr__pfet_01v8_hvt instances:   6
Circuit contains 9 nets.

Circuit was modified by parallel/series device merging.
New circuit summary:

Contents of circuit 1:  Circuit: 'EZ_sky130_fd_sc_hd__and2_4'
Circuit EZ_sky130_fd_sc_hd__and2_4 contains 6 device instances.
  Class: sky130_fd_pr__nfet_01v8 instances:   3
  Class: sky130_fd_pr__pfet_01v8_hvt instances:   3
Circuit contains 9 nets.
Contents of circuit 2:  Circuit: 'sky130_fd_sc_hd__and2_4'
Circuit sky130_fd_sc_hd__and2_4 contains 6 device instances.
  Class: sky130_fd_pr__nfet_01v8 instances:   3
  Class: sky130_fd_pr__pfet_01v8_hvt instances:   3
Circuit contains 9 nets.

Circuit 1 contains 6 devices, Circuit 2 contains 6 devices.
Circuit 1 contains 9 nets,    Circuit 2 contains 9 nets.


Contents of circuit 1:  Circuit: 'EZ_sky130_fd_sc_hd__nand3b_4'
Circuit EZ_sky130_fd_sc_hd__nand3b_4 contains 8 device instances.
  Class: sky130_fd_pr__nfet_01v8 instances:   4
  Class: sky130_fd_pr__pfet_01v8_hvt instances:   4
Circuit contains 11 nets.
Contents of circuit 2:  Circuit: 'sky130_fd_sc_hd__nand3b_4'
Circuit sky130_fd_sc_hd__nand3b_4 contains 26 device instances.
  Class: sky130_fd_pr__nfet_01v8 instances:  13
  Class: sky130_fd_pr__pfet_01v8_hvt instances:  13
Circuit contains 11 nets.

Circuit was modified by parallel/series device merging.
New circuit summary:

Contents of circuit 1:  Circuit: 'EZ_sky130_fd_sc_hd__nand3b_4'
Circuit EZ_sky130_fd_sc_hd__nand3b_4 contains 8 device instances.
  Class: sky130_fd_pr__nfet_01v8 instances:   4
  Class: sky130_fd_pr__pfet_01v8_hvt instances:   4
Circuit contains 11 nets.
Contents of circuit 2:  Circuit: 'sky130_fd_sc_hd__nand3b_4'
Circuit sky130_fd_sc_hd__nand3b_4 contains 8 device instances.
  Class: sky130_fd_pr__nfet_01v8 instances:   4
  Class: sky130_fd_pr__pfet_01v8_hvt instances:   4
Circuit contains 11 nets.

Circuit 1 contains 8 devices, Circuit 2 contains 8 devices.
Circuit 1 contains 11 nets,    Circuit 2 contains 11 nets.


Contents of circuit 1:  Circuit: 'EZ_sky130_fd_sc_hd__nor2_2'
Circuit EZ_sky130_fd_sc_hd__nor2_2 contains 4 device instances.
  Class: sky130_fd_pr__nfet_01v8 instances:   2
  Class: sky130_fd_pr__pfet_01v8_hvt instances:   2
Circuit contains 8 nets.
Contents of circuit 2:  Circuit: 'sky130_fd_sc_hd__nor2_2'
Circuit sky130_fd_sc_hd__nor2_2 contains 8 device instances.
  Class: sky130_fd_pr__nfet_01v8 instances:   4
  Class: sky130_fd_pr__pfet_01v8_hvt instances:   4
Circuit contains 8 nets.

Circuit was modified by parallel/series device merging.
New circuit summary:

Contents of circuit 1:  Circuit: 'EZ_sky130_fd_sc_hd__nor2_2'
Circuit EZ_sky130_fd_sc_hd__nor2_2 contains 4 device instances.
  Class: sky130_fd_pr__nfet_01v8 instances:   2
  Class: sky130_fd_pr__pfet_01v8_hvt instances:   2
Circuit contains 8 nets.
Contents of circuit 2:  Circuit: 'sky130_fd_sc_hd__nor2_2'
Circuit sky130_fd_sc_hd__nor2_2 contains 4 device instances.
  Class: sky130_fd_pr__nfet_01v8 instances:   2
  Class: sky130_fd_pr__pfet_01v8_hvt instances:   2
Circuit contains 8 nets.

Circuit 1 contains 4 devices, Circuit 2 contains 4 devices.
Circuit 1 contains 8 nets,    Circuit 2 contains 8 nets.


Contents of circuit 1:  Circuit: 'EZ_sky130_fd_sc_hd__and2b_1'
Circuit EZ_sky130_fd_sc_hd__and2b_1 contains 8 device instances.
  Class: sky130_fd_pr__nfet_01v8 instances:   4
  Class: sky130_fd_pr__pfet_01v8_hvt instances:   4
Circuit contains 10 nets.
Contents of circuit 2:  Circuit: 'sky130_fd_sc_hd__and2b_1'
Circuit sky130_fd_sc_hd__and2b_1 contains 8 device instances.
  Class: sky130_fd_pr__nfet_01v8 instances:   4
  Class: sky130_fd_pr__pfet_01v8_hvt instances:   4
Circuit contains 10 nets.

Circuit 1 contains 8 devices, Circuit 2 contains 8 devices.
Circuit 1 contains 10 nets,    Circuit 2 contains 10 nets.


Contents of circuit 1:  Circuit: 'EZ_sky130_fd_sc_hd__xnor2_2'
Circuit EZ_sky130_fd_sc_hd__xnor2_2 contains 10 device instances.
  Class: sky130_fd_pr__nfet_01v8 instances:   5
  Class: sky130_fd_pr__pfet_01v8_hvt instances:   5
Circuit contains 11 nets.
Contents of circuit 2:  Circuit: 'sky130_fd_sc_hd__xnor2_2'
Circuit sky130_fd_sc_hd__xnor2_2 contains 20 device instances.
  Class: sky130_fd_pr__nfet_01v8 instances:  10
  Class: sky130_fd_pr__pfet_01v8_hvt instances:  10
Circuit contains 11 nets.

Circuit was modified by parallel/series device merging.
New circuit summary:

Contents of circuit 1:  Circuit: 'EZ_sky130_fd_sc_hd__xnor2_2'
Circuit EZ_sky130_fd_sc_hd__xnor2_2 contains 10 device instances.
  Class: sky130_fd_pr__nfet_01v8 instances:   5
  Class: sky130_fd_pr__pfet_01v8_hvt instances:   5
Circuit contains 11 nets.
Contents of circuit 2:  Circuit: 'sky130_fd_sc_hd__xnor2_2'
Circuit sky130_fd_sc_hd__xnor2_2 contains 10 device instances.
  Class: sky130_fd_pr__nfet_01v8 instances:   5
  Class: sky130_fd_pr__pfet_01v8_hvt instances:   5
Circuit contains 11 nets.

Circuit 1 contains 10 devices, Circuit 2 contains 10 devices.
Circuit 1 contains 11 nets,    Circuit 2 contains 11 nets.


Contents of circuit 1:  Circuit: 'EZ_sky130_fd_sc_hd__nor2_8'
Circuit EZ_sky130_fd_sc_hd__nor2_8 contains 4 device instances.
  Class: sky130_fd_pr__nfet_01v8 instances:   2
  Class: sky130_fd_pr__pfet_01v8_hvt instances:   2
Circuit contains 8 nets.
Contents of circuit 2:  Circuit: 'sky130_fd_sc_hd__nor2_8'
Circuit sky130_fd_sc_hd__nor2_8 contains 32 device instances.
  Class: sky130_fd_pr__nfet_01v8 instances:  16
  Class: sky130_fd_pr__pfet_01v8_hvt instances:  16
Circuit contains 8 nets.

Circuit was modified by parallel/series device merging.
New circuit summary:

Contents of circuit 1:  Circuit: 'EZ_sky130_fd_sc_hd__nor2_8'
Circuit EZ_sky130_fd_sc_hd__nor2_8 contains 4 device instances.
  Class: sky130_fd_pr__nfet_01v8 instances:   2
  Class: sky130_fd_pr__pfet_01v8_hvt instances:   2
Circuit contains 8 nets.
Contents of circuit 2:  Circuit: 'sky130_fd_sc_hd__nor2_8'
Circuit sky130_fd_sc_hd__nor2_8 contains 4 device instances.
  Class: sky130_fd_pr__nfet_01v8 instances:   2
  Class: sky130_fd_pr__pfet_01v8_hvt instances:   2
Circuit contains 8 nets.

Circuit 1 contains 4 devices, Circuit 2 contains 4 devices.
Circuit 1 contains 8 nets,    Circuit 2 contains 8 nets.


Contents of circuit 1:  Circuit: 'EZ_sky130_fd_sc_hd__o211ai_4'
Circuit EZ_sky130_fd_sc_hd__o211ai_4 contains 12 device instances.
  Class: sky130_fd_pr__nfet_01v8 instances:   8
  Class: sky130_fd_pr__pfet_01v8_hvt instances:   4
Circuit contains 14 nets.
Contents of circuit 2:  Circuit: 'sky130_fd_sc_hd__o211ai_4'
Circuit sky130_fd_sc_hd__o211ai_4 contains 32 device instances.
  Class: sky130_fd_pr__nfet_01v8 instances:  16
  Class: sky130_fd_pr__pfet_01v8_hvt instances:  16
Circuit contains 14 nets.

Circuit was modified by parallel/series device merging.
New circuit summary:

Contents of circuit 1:  Circuit: 'EZ_sky130_fd_sc_hd__o211ai_4'
Circuit EZ_sky130_fd_sc_hd__o211ai_4 contains 12 device instances.
  Class: sky130_fd_pr__nfet_01v8 instances:   8
  Class: sky130_fd_pr__pfet_01v8_hvt instances:   4
Circuit contains 14 nets.
Contents of circuit 2:  Circuit: 'sky130_fd_sc_hd__o211ai_4'
Circuit sky130_fd_sc_hd__o211ai_4 contains 12 device instances.
  Class: sky130_fd_pr__nfet_01v8 instances:   8
  Class: sky130_fd_pr__pfet_01v8_hvt instances:   4
Circuit contains 14 nets.

Circuit 1 contains 12 devices, Circuit 2 contains 12 devices.
Circuit 1 contains 14 nets,    Circuit 2 contains 14 nets.


Contents of circuit 1:  Circuit: 'EZ_sky130_fd_sc_hd__o211a_1'
Circuit EZ_sky130_fd_sc_hd__o211a_1 contains 10 device instances.
  Class: sky130_fd_pr__nfet_01v8 instances:   5
  Class: sky130_fd_pr__pfet_01v8_hvt instances:   5
Circuit contains 13 nets.
Contents of circuit 2:  Circuit: 'sky130_fd_sc_hd__o211a_1'
Circuit sky130_fd_sc_hd__o211a_1 contains 10 device instances.
  Class: sky130_fd_pr__nfet_01v8 instances:   5
  Class: sky130_fd_pr__pfet_01v8_hvt instances:   5
Circuit contains 13 nets.

Circuit 1 contains 10 devices, Circuit 2 contains 10 devices.
Circuit 1 contains 13 nets,    Circuit 2 contains 13 nets.


Contents of circuit 1:  Circuit: 'EZ_sky130_fd_sc_hd__or3b_2'
Circuit EZ_sky130_fd_sc_hd__or3b_2 contains 10 device instances.
  Class: sky130_fd_pr__nfet_01v8 instances:   5
  Class: sky130_fd_pr__pfet_01v8_hvt instances:   5
Circuit contains 12 nets.
Contents of circuit 2:  Circuit: 'sky130_fd_sc_hd__or3b_2'
Circuit sky130_fd_sc_hd__or3b_2 contains 12 device instances.
  Class: sky130_fd_pr__nfet_01v8 instances:   6
  Class: sky130_fd_pr__pfet_01v8_hvt instances:   6
Circuit contains 12 nets.

Circuit was modified by parallel/series device merging.
New circuit summary:

Contents of circuit 1:  Circuit: 'EZ_sky130_fd_sc_hd__or3b_2'
Circuit EZ_sky130_fd_sc_hd__or3b_2 contains 10 device instances.
  Class: sky130_fd_pr__nfet_01v8 instances:   5
  Class: sky130_fd_pr__pfet_01v8_hvt instances:   5
Circuit contains 12 nets.
Contents of circuit 2:  Circuit: 'sky130_fd_sc_hd__or3b_2'
Circuit sky130_fd_sc_hd__or3b_2 contains 10 device instances.
  Class: sky130_fd_pr__nfet_01v8 instances:   5
  Class: sky130_fd_pr__pfet_01v8_hvt instances:   5
Circuit contains 12 nets.

Circuit 1 contains 10 devices, Circuit 2 contains 10 devices.
Circuit 1 contains 12 nets,    Circuit 2 contains 12 nets.


Contents of circuit 1:  Circuit: 'EZ_sky130_fd_sc_hd__o31a_1'
Circuit EZ_sky130_fd_sc_hd__o31a_1 contains 10 device instances.
  Class: sky130_fd_pr__nfet_01v8 instances:   5
  Class: sky130_fd_pr__pfet_01v8_hvt instances:   5
Circuit contains 13 nets.
Contents of circuit 2:  Circuit: 'sky130_fd_sc_hd__o31a_1'
Circuit sky130_fd_sc_hd__o31a_1 contains 10 device instances.
  Class: sky130_fd_pr__nfet_01v8 instances:   5
  Class: sky130_fd_pr__pfet_01v8_hvt instances:   5
Circuit contains 13 nets.

Circuit 1 contains 10 devices, Circuit 2 contains 10 devices.
Circuit 1 contains 13 nets,    Circuit 2 contains 13 nets.


Contents of circuit 1:  Circuit: 'EZ_sky130_fd_sc_hd__nor2_4'
Circuit EZ_sky130_fd_sc_hd__nor2_4 contains 4 device instances.
  Class: sky130_fd_pr__nfet_01v8 instances:   2
  Class: sky130_fd_pr__pfet_01v8_hvt instances:   2
Circuit contains 8 nets.
Contents of circuit 2:  Circuit: 'sky130_fd_sc_hd__nor2_4'
Circuit sky130_fd_sc_hd__nor2_4 contains 16 device instances.
  Class: sky130_fd_pr__nfet_01v8 instances:   8
  Class: sky130_fd_pr__pfet_01v8_hvt instances:   8
Circuit contains 8 nets.

Circuit was modified by parallel/series device merging.
New circuit summary:

Contents of circuit 1:  Circuit: 'EZ_sky130_fd_sc_hd__nor2_4'
Circuit EZ_sky130_fd_sc_hd__nor2_4 contains 4 device instances.
  Class: sky130_fd_pr__nfet_01v8 instances:   2
  Class: sky130_fd_pr__pfet_01v8_hvt instances:   2
Circuit contains 8 nets.
Contents of circuit 2:  Circuit: 'sky130_fd_sc_hd__nor2_4'
Circuit sky130_fd_sc_hd__nor2_4 contains 4 device instances.
  Class: sky130_fd_pr__nfet_01v8 instances:   2
  Class: sky130_fd_pr__pfet_01v8_hvt instances:   2
Circuit contains 8 nets.

Circuit 1 contains 4 devices, Circuit 2 contains 4 devices.
Circuit 1 contains 8 nets,    Circuit 2 contains 8 nets.


Contents of circuit 1:  Circuit: 'EZ_sky130_fd_sc_hd__and2b_2'
Circuit EZ_sky130_fd_sc_hd__and2b_2 contains 8 device instances.
  Class: sky130_fd_pr__nfet_01v8 instances:   4
  Class: sky130_fd_pr__pfet_01v8_hvt instances:   4
Circuit contains 10 nets.
Contents of circuit 2:  Circuit: 'sky130_fd_sc_hd__and2b_2'
Circuit sky130_fd_sc_hd__and2b_2 contains 10 device instances.
  Class: sky130_fd_pr__nfet_01v8 instances:   5
  Class: sky130_fd_pr__pfet_01v8_hvt instances:   5
Circuit contains 10 nets.

Circuit was modified by parallel/series device merging.
New circuit summary:

Contents of circuit 1:  Circuit: 'EZ_sky130_fd_sc_hd__and2b_2'
Circuit EZ_sky130_fd_sc_hd__and2b_2 contains 8 device instances.
  Class: sky130_fd_pr__nfet_01v8 instances:   4
  Class: sky130_fd_pr__pfet_01v8_hvt instances:   4
Circuit contains 10 nets.
Contents of circuit 2:  Circuit: 'sky130_fd_sc_hd__and2b_2'
Circuit sky130_fd_sc_hd__and2b_2 contains 8 device instances.
  Class: sky130_fd_pr__nfet_01v8 instances:   4
  Class: sky130_fd_pr__pfet_01v8_hvt instances:   4
Circuit contains 10 nets.

Circuit 1 contains 8 devices, Circuit 2 contains 8 devices.
Circuit 1 contains 10 nets,    Circuit 2 contains 10 nets.


Contents of circuit 1:  Circuit: 'EZ_sky130_fd_sc_hd__a31oi_1'
Circuit EZ_sky130_fd_sc_hd__a31oi_1 contains 8 device instances.
  Class: sky130_fd_pr__nfet_01v8 instances:   4
  Class: sky130_fd_pr__pfet_01v8_hvt instances:   4
Circuit contains 12 nets.
Contents of circuit 2:  Circuit: 'sky130_fd_sc_hd__a31oi_1'
Circuit sky130_fd_sc_hd__a31oi_1 contains 8 device instances.
  Class: sky130_fd_pr__nfet_01v8 instances:   4
  Class: sky130_fd_pr__pfet_01v8_hvt instances:   4
Circuit contains 12 nets.

Circuit 1 contains 8 devices, Circuit 2 contains 8 devices.
Circuit 1 contains 12 nets,    Circuit 2 contains 12 nets.


Contents of circuit 1:  Circuit: 'user_proj_example'
Circuit user_proj_example contains 555952 device instances.
  Class: EZ_sky130_fd_sc_hd__and3_1 instances:   6
  Class: EZ_sky130_fd_sc_hd__and2b_1 instances:   2
  Class: EZ_sky130_fd_sc_hd__and2b_2 instances:   1
  Class: EZ_sky130_fd_sc_hd__a21bo_1 instances:   1
  Class: EZ_sky130_fd_sc_hd__tapvpwrvgnd_1 instances: 69228
  Class: EZ_sky130_fd_sc_hd__and2_1 instances:   3
  Class: EZ_sky130_fd_sc_hd__and2_2 instances:   2
  Class: EZ_sky130_fd_sc_hd__and2_4 instances:   2
  Class: EZ_sky130_fd_sc_hd__decap_3 instances: 1278
  Class: EZ_sky130_fd_sc_hd__clkbuf_1 instances:  14
  Class: EZ_sky130_fd_sc_hd__clkbuf_2 instances:   1
  Class: EZ_sky130_fd_sc_hd__clkbuf_4 instances:  17
  Class: EZ_sky130_fd_sc_hd__clkbuf_8 instances:   9
  Class: EZ_sky130_fd_sc_hd__nand2_1 instances:   5
  Class: EZ_sky130_fd_sc_hd__nand2_2 instances:   1
  Class: EZ_sky130_fd_sc_hd__nand2_8 instances:   2
  Class: EZ_sky130_fd_sc_hd__conb_1 instances: 131
  Class: EZ_sky130_fd_sc_hd__buf_12 instances:  81
  Class: EZ_sky130_fd_sc_hd__a21boi_1 instances:   1
  Class: EZ_sky130_fd_sc_hd__o211ai_4 instances:   1
  Class: EZ_sky130_ef_sc_hd__decap_40_12 instances: 275484
  Class: EZ_sky130_fd_sc_hd__a32o_1 instances:   3
  Class: EZ_sky130_fd_sc_hd__a32o_4 instances:   1
  Class: EZ_sky130_fd_sc_hd__a22o_1 instances:   7
  Class: EZ_sky130_fd_sc_hd__xnor2_1 instances:   3
  Class: EZ_sky130_fd_sc_hd__xnor2_2 instances:   1
  Class: EZ_sky130_fd_sc_hd__buf_1 instances:  35
  Class: EZ_sky130_fd_sc_hd__buf_2 instances:   2
  Class: EZ_sky130_fd_sc_hd__buf_4 instances:  18
  Class: EZ_sky130_fd_sc_hd__buf_6 instances:   3
  Class: EZ_sky130_fd_sc_hd__buf_8 instances:   2
  Class: EZ_sky130_fd_sc_hd__o211a_1 instances:   1
  Class: EZ_sky130_fd_sc_hd__mux2_1 instances:  17
  Class: EZ_sky130_fd_sc_hd__diode_2 instances: 644
  Class: EZ_sky130_fd_sc_hd__a221o_1 instances:   1
  Class: EZ_sky130_fd_sc_hd__nand3b_4 instances:   1
  Class: EZ_sky130_fd_sc_hd__a211o_1 instances:   8
  Class: EZ_sky130_fd_sc_hd__nor2_1 instances:   5
  Class: EZ_sky130_fd_sc_hd__nor2_2 instances:   1
  Class: EZ_sky130_fd_sc_hd__nor2_4 instances:   1
  Class: EZ_sky130_fd_sc_hd__inv_2 instances:   7
  Class: EZ_sky130_fd_sc_hd__nor2_8 instances:   1
  Class: EZ_sky130_fd_sc_hd__a41o_1 instances:   1
  Class: EZ_sky130_fd_sc_hd__a41o_4 instances:   1
  Class: EZ_sky130_fd_sc_hd__a31o_1 instances:   5
  Class: EZ_sky130_fd_sc_hd__a31o_2 instances:   1
  Class: EZ_sky130_fd_sc_hd__o32a_1 instances:   1
  Class: EZ_sky130_fd_sc_hd__a31o_4 instances:   1
  Class: EZ_sky130_fd_sc_hd__a21o_1 instances:   2
  Class: EZ_sky130_fd_sc_hd__or3_4 instances:   1
  Class: EZ_sky130_fd_sc_hd__a41oi_4 instances:   1
  Class: EZ_sky130_fd_sc_hd__dlygate4sd3_1 instances: 218
  Class: EZ_sky130_fd_sc_hd__o21ai_1 instances:   1
  Class: EZ_sky130_fd_sc_hd__a21oi_1 instances:  11
  Class: EZ_sky130_fd_sc_hd__a21oi_4 instances:   2
  Class: EZ_sky130_fd_sc_hd__xor2_1 instances:   3
  Class: EZ_sky130_fd_sc_hd__nand2b_1 instances:   3
  Class: EZ_sky130_fd_sc_hd__or3b_2 instances:   1
  Class: EZ_sky130_fd_sc_hd__or3b_4 instances:   7
  Class: EZ_sky130_fd_sc_hd__and4_1 instances:   3
  Class: EZ_sky130_fd_sc_hd__clkbuf_16 instances:   5
  Class: EZ_sky130_fd_sc_hd__and4_2 instances:   3
  Class: EZ_sky130_fd_sc_hd__and4_4 instances:   1
  Class: EZ_sky130_fd_sc_hd__o31a_1 instances:   1
  Class: EZ_sky130_fd_sc_hd__o21a_1 instances:   2
  Class: EZ_sky130_fd_sc_hd__o2bb2a_1 instances:   3
  Class: EZ_sky130_fd_sc_hd__or2_1 instances:   2
  Class: EZ_sky130_fd_sc_hd__or2_2 instances:   1
  Class: EZ_sky130_fd_sc_hd__dfxtp_1 instances:  13
  Class: EZ_sky130_fd_sc_hd__dfxtp_2 instances:   5
  Class: EZ_sky130_fd_sc_hd__dfxtp_4 instances:  15
  Class: EZ_sky130_fd_sc_hd__o31ai_1 instances:   1
  Class: EZ_sky130_fd_sc_hd__a31oi_1 instances:   1
  Class: EZ_sky130_fd_sc_hd__nand4_2 instances:   1
  Class: EZ_sky130_fd_sc_hd__and3b_1 instances:   1
  Class: EZ_sky130_fd_sc_hd__and3b_4 instances:   2
  Class: EZ_sky130_fd_sc_hd__fill_1 instances: 69626
  Class: EZ_sky130_fd_sc_hd__fill_2 instances: 69894
  Class: EZ_sky130_fd_sc_hd__fill_4 instances: 68575
  Class: EZ_sky130_fd_sc_hd__fill_8 instances: 505
Circuit contains 910 nets, and 286 disconnected pins.
Contents of circuit 2:  Circuit: 'user_proj_example'
Circuit user_proj_example contains 555952 device instances.
  Class: sky130_fd_sc_hd__a41o_1 instances:   1
  Class: sky130_fd_sc_hd__a41o_4 instances:   1
  Class: sky130_fd_sc_hd__a31o_1 instances:   5
  Class: sky130_fd_sc_hd__a31o_2 instances:   1
  Class: sky130_fd_sc_hd__a31o_4 instances:   1
  Class: sky130_fd_sc_hd__a21o_1 instances:   2
  Class: sky130_fd_sc_hd__clkbuf_16 instances:   5
  Class: sky130_fd_sc_hd__dfxtp_1 instances:  13
  Class: sky130_fd_sc_hd__dfxtp_2 instances:   5
  Class: sky130_fd_sc_hd__o31ai_1 instances:   1
  Class: sky130_fd_sc_hd__dfxtp_4 instances:  15
  Class: sky130_fd_sc_hd__a31oi_1 instances:   1
  Class: sky130_fd_sc_hd__buf_1 instances:  35
  Class: sky130_fd_sc_hd__nand4_2 instances:   1
  Class: sky130_fd_sc_hd__buf_2 instances:   2
  Class: sky130_fd_sc_hd__buf_4 instances:  18
  Class: sky130_fd_sc_hd__buf_6 instances:   3
  Class: sky130_fd_sc_hd__buf_8 instances:   2
  Class: sky130_fd_sc_hd__and3b_1 instances:   1
  Class: sky130_fd_sc_hd__and3b_4 instances:   2
  Class: sky130_fd_sc_hd__xor2_1 instances:   3
  Class: sky130_fd_sc_hd__and4_1 instances:   3
  Class: sky130_fd_sc_hd__and4_2 instances:   3
  Class: sky130_fd_sc_hd__and4_4 instances:   1
  Class: sky130_fd_sc_hd__inv_2 instances:   7
  Class: sky130_fd_sc_hd__clkbuf_1 instances:  14
  Class: sky130_fd_sc_hd__clkbuf_2 instances:   1
  Class: sky130_fd_sc_hd__clkbuf_4 instances:  17
  Class: sky130_fd_sc_hd__clkbuf_8 instances:   9
  Class: sky130_fd_sc_hd__or3_4 instances:   1
  Class: sky130_fd_sc_hd__and2b_1 instances:   2
  Class: sky130_fd_sc_hd__conb_1 instances: 131
  Class: sky130_fd_sc_hd__and2b_2 instances:   1
  Class: sky130_fd_sc_hd__a21boi_1 instances:   1
  Class: sky130_fd_sc_hd__buf_12 instances:  81
  Class: sky130_fd_sc_hd__a21bo_1 instances:   1
  Class: sky130_fd_sc_hd__and3_1 instances:   6
  Class: sky130_fd_sc_hd__decap_3 instances: 1278
  Class: sky130_fd_sc_hd__dlygate4sd3_1 instances: 218
  Class: sky130_fd_sc_hd__or2_1 instances:   2
  Class: sky130_fd_sc_hd__or2_2 instances:   1
  Class: sky130_fd_sc_hd__nand2_1 instances:   5
  Class: sky130_fd_sc_hd__nand2_2 instances:   1
  Class: sky130_fd_sc_hd__nand2_8 instances:   2
  Class: sky130_fd_sc_hd__mux2_1 instances:  17
  Class: sky130_fd_sc_hd__nand3b_4 instances:   1
  Class: sky130_fd_sc_hd__and2_1 instances:   3
  Class: sky130_fd_sc_hd__and2_2 instances:   2
  Class: sky130_fd_sc_hd__and2_4 instances:   2
  Class: sky130_fd_sc_hd__o32a_1 instances:   1
  Class: sky130_fd_sc_hd__xnor2_1 instances:   3
  Class: sky130_fd_sc_hd__xnor2_2 instances:   1
  Class: sky130_fd_sc_hd__o211a_1 instances:   1
  Class: sky130_fd_sc_hd__nand2b_1 instances:   3
  Class: sky130_fd_sc_hd__diode_2 instances: 644
  Class: sky130_fd_sc_hd__a221o_1 instances:   1
  Class: sky130_fd_sc_hd__a211o_1 instances:   8
  Class: sky130_fd_sc_hd__or3b_2 instances:   1
  Class: sky130_fd_sc_hd__or3b_4 instances:   7
  Class: sky130_fd_sc_hd__a32o_1 instances:   3
  Class: sky130_fd_sc_hd__a32o_4 instances:   1
  Class: sky130_fd_sc_hd__a22o_1 instances:   7
  Class: sky130_fd_sc_hd__o31a_1 instances:   1
  Class: sky130_fd_sc_hd__o2bb2a_1 instances:   3
  Class: sky130_fd_sc_hd__o21a_1 instances:   2
  Class: sky130_fd_sc_hd__a41oi_4 instances:   1
  Class: sky130_fd_sc_hd__o21ai_1 instances:   1
  Class: sky130_fd_sc_hd__tapvpwrvgnd_1 instances: 69228
  Class: sky130_fd_sc_hd__a21oi_1 instances:  11
  Class: sky130_fd_sc_hd__a21oi_4 instances:   2
  Class: sky130_fd_sc_hd__fill_1 instances: 69626
  Class: sky130_fd_sc_hd__fill_2 instances: 69894
  Class: sky130_fd_sc_hd__fill_4 instances: 68575
  Class: sky130_fd_sc_hd__fill_8 instances: 505
  Class: sky130_ef_sc_hd__decap_40_12 instances: 275484
  Class: sky130_fd_sc_hd__o211ai_4 instances:   1
  Class: sky130_fd_sc_hd__nor2_1 instances:   5
  Class: sky130_fd_sc_hd__nor2_2 instances:   1
  Class: sky130_fd_sc_hd__nor2_4 instances:   1
  Class: sky130_fd_sc_hd__nor2_8 instances:   1
Circuit contains 910 nets, and 286 disconnected pins.

Circuit was modified by parallel/series device merging.
New circuit summary:

Contents of circuit 1:  Circuit: 'user_proj_example'
Circuit user_proj_example contains 944 device instances.
  Class: EZ_sky130_fd_sc_hd__and3_1 instances:   6
  Class: EZ_sky130_fd_sc_hd__and2b_1 instances:   2
  Class: EZ_sky130_fd_sc_hd__and2b_2 instances:   1
  Class: EZ_sky130_fd_sc_hd__a21bo_1 instances:   1
  Class: EZ_sky130_fd_sc_hd__tapvpwrvgnd_1 instances:   1
  Class: EZ_sky130_fd_sc_hd__and2_1 instances:   3
  Class: EZ_sky130_fd_sc_hd__and2_2 instances:   2
  Class: EZ_sky130_fd_sc_hd__and2_4 instances:   2
  Class: EZ_sky130_fd_sc_hd__decap_3 instances:   1
  Class: EZ_sky130_fd_sc_hd__clkbuf_1 instances:  14
  Class: EZ_sky130_fd_sc_hd__clkbuf_2 instances:   1
  Class: EZ_sky130_fd_sc_hd__clkbuf_4 instances:  17
  Class: EZ_sky130_fd_sc_hd__clkbuf_8 instances:   9
  Class: EZ_sky130_fd_sc_hd__nand2_1 instances:   5
  Class: EZ_sky130_fd_sc_hd__nand2_2 instances:   1
  Class: EZ_sky130_fd_sc_hd__nand2_8 instances:   2
  Class: EZ_sky130_fd_sc_hd__conb_1 instances: 131
  Class: EZ_sky130_fd_sc_hd__buf_12 instances:  81
  Class: EZ_sky130_fd_sc_hd__a21boi_1 instances:   1
  Class: EZ_sky130_fd_sc_hd__o211ai_4 instances:   1
  Class: EZ_sky130_ef_sc_hd__decap_40_12 instances:   1
  Class: EZ_sky130_fd_sc_hd__a32o_1 instances:   3
  Class: EZ_sky130_fd_sc_hd__a32o_4 instances:   1
  Class: EZ_sky130_fd_sc_hd__a22o_1 instances:   7
  Class: EZ_sky130_fd_sc_hd__xnor2_1 instances:   3
  Class: EZ_sky130_fd_sc_hd__xnor2_2 instances:   1
  Class: EZ_sky130_fd_sc_hd__buf_1 instances:  35
  Class: EZ_sky130_fd_sc_hd__buf_2 instances:   2
  Class: EZ_sky130_fd_sc_hd__buf_4 instances:  18
  Class: EZ_sky130_fd_sc_hd__buf_6 instances:   3
  Class: EZ_sky130_fd_sc_hd__buf_8 instances:   2
  Class: EZ_sky130_fd_sc_hd__o211a_1 instances:   1
  Class: EZ_sky130_fd_sc_hd__mux2_1 instances:  17
  Class: EZ_sky130_fd_sc_hd__diode_2 instances: 219
  Class: EZ_sky130_fd_sc_hd__a221o_1 instances:   1
  Class: EZ_sky130_fd_sc_hd__nand3b_4 instances:   1
  Class: EZ_sky130_fd_sc_hd__a211o_1 instances:   8
  Class: EZ_sky130_fd_sc_hd__nor2_1 instances:   5
  Class: EZ_sky130_fd_sc_hd__nor2_2 instances:   1
  Class: EZ_sky130_fd_sc_hd__nor2_4 instances:   1
  Class: EZ_sky130_fd_sc_hd__inv_2 instances:   7
  Class: EZ_sky130_fd_sc_hd__nor2_8 instances:   1
  Class: EZ_sky130_fd_sc_hd__a41o_1 instances:   1
  Class: EZ_sky130_fd_sc_hd__a41o_4 instances:   1
  Class: EZ_sky130_fd_sc_hd__a31o_1 instances:   5
  Class: EZ_sky130_fd_sc_hd__a31o_2 instances:   1
  Class: EZ_sky130_fd_sc_hd__o32a_1 instances:   1
  Class: EZ_sky130_fd_sc_hd__a31o_4 instances:   1
  Class: EZ_sky130_fd_sc_hd__a21o_1 instances:   2
  Class: EZ_sky130_fd_sc_hd__or3_4 instances:   1
  Class: EZ_sky130_fd_sc_hd__a41oi_4 instances:   1
  Class: EZ_sky130_fd_sc_hd__dlygate4sd3_1 instances: 218
  Class: EZ_sky130_fd_sc_hd__o21ai_1 instances:   1
  Class: EZ_sky130_fd_sc_hd__a21oi_1 instances:  11
  Class: EZ_sky130_fd_sc_hd__a21oi_4 instances:   2
  Class: EZ_sky130_fd_sc_hd__xor2_1 instances:   3
  Class: EZ_sky130_fd_sc_hd__nand2b_1 instances:   3
  Class: EZ_sky130_fd_sc_hd__or3b_2 instances:   1
  Class: EZ_sky130_fd_sc_hd__or3b_4 instances:   7
  Class: EZ_sky130_fd_sc_hd__and4_1 instances:   3
  Class: EZ_sky130_fd_sc_hd__clkbuf_16 instances:   5
  Class: EZ_sky130_fd_sc_hd__and4_2 instances:   3
  Class: EZ_sky130_fd_sc_hd__and4_4 instances:   1
  Class: EZ_sky130_fd_sc_hd__o31a_1 instances:   1
  Class: EZ_sky130_fd_sc_hd__o21a_1 instances:   2
  Class: EZ_sky130_fd_sc_hd__o2bb2a_1 instances:   3
  Class: EZ_sky130_fd_sc_hd__or2_1 instances:   2
  Class: EZ_sky130_fd_sc_hd__or2_2 instances:   1
  Class: EZ_sky130_fd_sc_hd__dfxtp_1 instances:  13
  Class: EZ_sky130_fd_sc_hd__dfxtp_2 instances:   5
  Class: EZ_sky130_fd_sc_hd__dfxtp_4 instances:  15
  Class: EZ_sky130_fd_sc_hd__o31ai_1 instances:   1
  Class: EZ_sky130_fd_sc_hd__a31oi_1 instances:   1
  Class: EZ_sky130_fd_sc_hd__nand4_2 instances:   1
  Class: EZ_sky130_fd_sc_hd__and3b_1 instances:   1
  Class: EZ_sky130_fd_sc_hd__and3b_4 instances:   2
  Class: EZ_sky130_fd_sc_hd__fill_1 instances:   1
  Class: EZ_sky130_fd_sc_hd__fill_2 instances:   1
  Class: EZ_sky130_fd_sc_hd__fill_4 instances:   1
  Class: EZ_sky130_fd_sc_hd__fill_8 instances:   1
Circuit contains 910 nets, and 286 disconnected pins.
Contents of circuit 2:  Circuit: 'user_proj_example'
Circuit user_proj_example contains 944 device instances.
  Class: sky130_fd_sc_hd__a41o_1 instances:   1
  Class: sky130_fd_sc_hd__a41o_4 instances:   1
  Class: sky130_fd_sc_hd__a31o_1 instances:   5
  Class: sky130_fd_sc_hd__a31o_2 instances:   1
  Class: sky130_fd_sc_hd__a31o_4 instances:   1
  Class: sky130_fd_sc_hd__a21o_1 instances:   2
  Class: sky130_fd_sc_hd__clkbuf_16 instances:   5
  Class: sky130_fd_sc_hd__dfxtp_1 instances:  13
  Class: sky130_fd_sc_hd__dfxtp_2 instances:   5
  Class: sky130_fd_sc_hd__o31ai_1 instances:   1
  Class: sky130_fd_sc_hd__dfxtp_4 instances:  15
  Class: sky130_fd_sc_hd__a31oi_1 instances:   1
  Class: sky130_fd_sc_hd__buf_1 instances:  35
  Class: sky130_fd_sc_hd__nand4_2 instances:   1
  Class: sky130_fd_sc_hd__buf_2 instances:   2
  Class: sky130_fd_sc_hd__buf_4 instances:  18
  Class: sky130_fd_sc_hd__buf_6 instances:   3
  Class: sky130_fd_sc_hd__buf_8 instances:   2
  Class: sky130_fd_sc_hd__and3b_1 instances:   1
  Class: sky130_fd_sc_hd__and3b_4 instances:   2
  Class: sky130_fd_sc_hd__xor2_1 instances:   3
  Class: sky130_fd_sc_hd__and4_1 instances:   3
  Class: sky130_fd_sc_hd__and4_2 instances:   3
  Class: sky130_fd_sc_hd__and4_4 instances:   1
  Class: sky130_fd_sc_hd__inv_2 instances:   7
  Class: sky130_fd_sc_hd__clkbuf_1 instances:  14
  Class: sky130_fd_sc_hd__clkbuf_2 instances:   1
  Class: sky130_fd_sc_hd__clkbuf_4 instances:  17
  Class: sky130_fd_sc_hd__clkbuf_8 instances:   9
  Class: sky130_fd_sc_hd__or3_4 instances:   1
  Class: sky130_fd_sc_hd__and2b_1 instances:   2
  Class: sky130_fd_sc_hd__conb_1 instances: 131
  Class: sky130_fd_sc_hd__and2b_2 instances:   1
  Class: sky130_fd_sc_hd__a21boi_1 instances:   1
  Class: sky130_fd_sc_hd__buf_12 instances:  81
  Class: sky130_fd_sc_hd__a21bo_1 instances:   1
  Class: sky130_fd_sc_hd__and3_1 instances:   6
  Class: sky130_fd_sc_hd__decap_3 instances:   1
  Class: sky130_fd_sc_hd__dlygate4sd3_1 instances: 218
  Class: sky130_fd_sc_hd__or2_1 instances:   2
  Class: sky130_fd_sc_hd__or2_2 instances:   1
  Class: sky130_fd_sc_hd__nand2_1 instances:   5
  Class: sky130_fd_sc_hd__nand2_2 instances:   1
  Class: sky130_fd_sc_hd__nand2_8 instances:   2
  Class: sky130_fd_sc_hd__mux2_1 instances:  17
  Class: sky130_fd_sc_hd__nand3b_4 instances:   1
  Class: sky130_fd_sc_hd__and2_1 instances:   3
  Class: sky130_fd_sc_hd__and2_2 instances:   2
  Class: sky130_fd_sc_hd__and2_4 instances:   2
  Class: sky130_fd_sc_hd__o32a_1 instances:   1
  Class: sky130_fd_sc_hd__xnor2_1 instances:   3
  Class: sky130_fd_sc_hd__xnor2_2 instances:   1
  Class: sky130_fd_sc_hd__o211a_1 instances:   1
  Class: sky130_fd_sc_hd__nand2b_1 instances:   3
  Class: sky130_fd_sc_hd__diode_2 instances: 219
  Class: sky130_fd_sc_hd__a221o_1 instances:   1
  Class: sky130_fd_sc_hd__a211o_1 instances:   8
  Class: sky130_fd_sc_hd__or3b_2 instances:   1
  Class: sky130_fd_sc_hd__or3b_4 instances:   7
  Class: sky130_fd_sc_hd__a32o_1 instances:   3
  Class: sky130_fd_sc_hd__a32o_4 instances:   1
  Class: sky130_fd_sc_hd__a22o_1 instances:   7
  Class: sky130_fd_sc_hd__o31a_1 instances:   1
  Class: sky130_fd_sc_hd__o2bb2a_1 instances:   3
  Class: sky130_fd_sc_hd__o21a_1 instances:   2
  Class: sky130_fd_sc_hd__a41oi_4 instances:   1
  Class: sky130_fd_sc_hd__o21ai_1 instances:   1
  Class: sky130_fd_sc_hd__tapvpwrvgnd_1 instances:   1
  Class: sky130_fd_sc_hd__a21oi_1 instances:  11
  Class: sky130_fd_sc_hd__a21oi_4 instances:   2
  Class: sky130_fd_sc_hd__fill_1 instances:   1
  Class: sky130_fd_sc_hd__fill_2 instances:   1
  Class: sky130_fd_sc_hd__fill_4 instances:   1
  Class: sky130_fd_sc_hd__fill_8 instances:   1
  Class: sky130_ef_sc_hd__decap_40_12 instances:   1
  Class: sky130_fd_sc_hd__o211ai_4 instances:   1
  Class: sky130_fd_sc_hd__nor2_1 instances:   5
  Class: sky130_fd_sc_hd__nor2_2 instances:   1
  Class: sky130_fd_sc_hd__nor2_4 instances:   1
  Class: sky130_fd_sc_hd__nor2_8 instances:   1
Circuit contains 910 nets, and 286 disconnected pins.

Circuit 1 contains 944 devices, Circuit 2 contains 944 devices.
Circuit 1 contains 910 nets,    Circuit 2 contains 910 nets.


Contents of circuit 1:  Circuit: 'user_project_wrapper'
Circuit user_project_wrapper contains 1 device instances.
  Class: user_proj_example     instances:   1
Circuit contains 543 nets, and 102 disconnected pins.
Contents of circuit 2:  Circuit: 'user_project_wrapper'
Circuit user_project_wrapper contains 1 device instances.
  Class: user_proj_example     instances:   1
Circuit contains 543 nets, and 102 disconnected pins.

Circuit 1 contains 1 devices, Circuit 2 contains 1 devices.
Circuit 1 contains 543 nets,    Circuit 2 contains 543 nets.


Final result: 
Circuits match uniquely.
.
Logging to file "/tmp/tmpg2qwmavz/repo/precheck_results/12_MAY_2026___03_50_50/tmp/lvs.report" disabled
LVS Done.
DESIGN NAME: user_project_wrapper
WORK_ROOT   : /tmp/tmpg2qwmavz/repo/precheck_results/12_MAY_2026___03_50_50/tmp
LOG_ROOT    : /tmp/tmpg2qwmavz/repo/precheck_results/12_MAY_2026___03_50_50/logs
SIGNOFF_ROOT: /tmp/tmpg2qwmavz/repo/precheck_results/12_MAY_2026___03_50_50/outputs/reports
 
Running CVC...
Creating /tmp/tmpg2qwmavz/repo/precheck_results/12_MAY_2026___03_50_50/tmp/user_project_wrapper.cdl.gz
Default cvcrc in default.cvcrc
CVC: Circuit Validation Check  Version 1.1.7
CVC: Log output to /tmp/tmpg2qwmavz/repo/precheck_results/12_MAY_2026___03_50_50/tmp/cvc.log
CVC: Error output to /tmp/tmpg2qwmavz/repo/precheck_results/12_MAY_2026___03_50_50/tmp/cvc.error.gz
CVC: Debug output to /tmp/tmpg2qwmavz/repo/precheck_results/12_MAY_2026___03_50_50/tmp/cvc.debug.gz
CVC: Start: Tue May 12 04:24:52 2026

Using the following parameters for CVC (Circuit Validation Check) from /tmp/tmpg2qwmavz/repo/precheck_results/12_MAY_2026___03_50_50/tmp/cvcrc
CVC_TOP = 'user_project_wrapper'
CVC_NETLIST = '/tmp/tmpg2qwmavz/repo/precheck_results/12_MAY_2026___03_50_50/tmp/user_project_wrapper.cdl.gz'
CVC_MODE = 'user_project_wrapper'
CVC_MODEL_FILE = '/usr/local/lib/python3.9/site-packages/cf_precheck/be_checks/tech/sky130A/cvc.models'
CVC_POWER_FILE = '/tmp/tmpg2qwmavz/repo/precheck_results/12_MAY_2026___03_50_50/tmp/cvc.power.user_project_wrapper'
CVC_FUSE_FILE = ''
CVC_REPORT_FILE = '/tmp/tmpg2qwmavz/repo/precheck_results/12_MAY_2026___03_50_50/tmp/cvc.log'
CVC_REPORT_TITLE = 'CVC user_project_wrapper'
CVC_CIRCUIT_ERROR_LIMIT = '100'
CVC_SEARCH_LIMIT = '100'
CVC_LEAK_LIMIT = '0.0002'
CVC_SOI = 'false'
CVC_SCRC = 'false'
CVC_VTH_GATES = 'false'
CVC_MIN_VTH_GATES = 'false'
CVC_IGNORE_VTH_FLOATING = 'false'
CVC_IGNORE_NO_LEAK_FLOATING = 'false'
CVC_LEAK_OVERVOLTAGE = 'true'
CVC_LOGIC_DIODES = 'false'
CVC_ANALOG_GATES = 'true'
CVC_BACKUP_RESULTS = 'false'
CVC_MOS_DIODE_ERROR_THRESHOLD = '0'
CVC_SHORT_ERROR_THRESHOLD = '0'
CVC_BIAS_ERROR_THRESHOLD = '0'
CVC_FORWARD_ERROR_THRESHOLD = '0'
CVC_FLOATING_ERROR_THRESHOLD = '0'
CVC_GATE_ERROR_THRESHOLD = '0'
CVC_LEAK?_ERROR_THRESHOLD = '0'
CVC_EXPECTED_ERROR_THRESHOLD = '0'
CVC_OVERVOLTAGE_ERROR_THRESHOLD = '0'
CVC_PARALLEL_CIRCUIT_PORT_LIMIT = '0'
CVC_CELL_ERROR_LIMIT_FILE = ''
CVC_CELL_CHECKSUM_FILE = ''
CVC_LARGE_CIRCUIT_SIZE = '10000000'
CVC_NET_CHECK_FILE = ''
CVC_MODEL_CHECK_FILE = ''
End of parameters

CVC: Reading device model settings...
CVC: Reading power settings...
CVC: Parsing netlist /tmp/tmpg2qwmavz/repo/precheck_results/12_MAY_2026___03_50_50/tmp/user_project_wrapper.cdl.gz

Read 77 circuits, 555952 instances, 604 devicesCdl fixed data size 9987917
Usage CDL: Time: 3  Memory: 267536  I/O: 24  Swap: 0
CVC: Counting and linking...
CVC: Assigning IDs ...
Usage DB: Time: 3  Memory: 318504  I/O: 24  Swap: 0
CVC: 555954(555954) instances, 2997(2997) nets, 558967(558967) devices.
Setting power for mode...
Setting models...
CVC: Setting models ...
Setting model tolerances...
CVC: Shorting switches...
 model short...
	Shorted 0 short
 model sky130_fd_pr__res_generic_l1...
	Shorted 0 sky130_fd_pr__res_generic_l1
 model sky130_fd_pr__res_generic_m1...
	Shorted 0 sky130_fd_pr__res_generic_m1
 model sky130_fd_pr__res_generic_m2...
	Shorted 0 sky130_fd_pr__res_generic_m2
 model sky130_fd_pr__res_generic_m3...
	Shorted 0 sky130_fd_pr__res_generic_m3
 model sky130_fd_pr__res_generic_m4...
	Shorted 0 sky130_fd_pr__res_generic_m4
 model sky130_fd_pr__res_generic_m5...
	Shorted 0 sky130_fd_pr__res_generic_m5
Setting instance power...
CVC: Linking devices...

Usage EQUIV: Time: 3  Memory: 345408  I/O: 88  Swap: 0
Power nets 396
CVC: Shorting non conducting resistors...
CVC: Calculating resistor voltages...
Usage RES: Time: 3  Memory: 345408  I/O: 88  Swap: 0
Power nets 396
CVC: Calculating min/max voltages...
Processing trivial nets found 1517 trivial nets
CVC: Ignoring invalid calculations...
CVC:   Removed 0 calculations
Copying master nets
CVC: Ignoring non-conducting devices...
CVC:   Ignored 0 devices
Usage MIN/MAX1: Time: 3  Memory: 345408  I/O: 88  Swap: 0
Power nets 813
! Checking forward bias diode errors: 

! Checking nmos source/drain vs bias errors: 

! Checking nmos gate vs source errors: 

! Checking pmos source/drain vs bias errors: 

! Checking pmos gate vs source errors: 

Usage ERROR: Time: 3  Memory: 345408  I/O: 88  Swap: 0
Saving min/max voltages...
CVC: Propagating Simulation voltages 1...
Usage SIM1: Time: 3  Memory: 347844  I/O: 88  Swap: 0
Power nets 813
Saving simulation voltages...
CVC: Propagating Simulation voltages 3...
Usage SIM2: Time: 3  Memory: 347844  I/O: 88  Swap: 0
Power nets 813
Added 0 latch voltages
CVC: Calculating min/max voltages...
Processing trivial nets found 1517 trivial nets
CVC: Ignoring invalid calculations...
CVC:   Removed 0 calculations
Copying master nets
CVC: Ignoring non-conducting devices...
CVC:   Ignored 0 devices
Usage MIN/MAX2: Time: 3  Memory: 347844  I/O: 96  Swap: 0
Power nets 1230
! Checking overvoltage errors

! Checking nmos possible leak errors: 

! Checking pmos possible leak errors: 

! Checking mos floating input errors:

! Checking expected values:

CVC: Error Counts
CVC: Fuse Problems:         0
CVC: Min Voltage Conflicts: 0
CVC: Max Voltage Conflicts: 0
CVC: Leaks:                 0
CVC: LDD drain->source:     0
CVC: HI-Z Inputs:           0
CVC: Forward Bias Diodes:   0
CVC: NMOS Source vs Bulk:   0
CVC: NMOS Gate vs Source:   0
CVC: NMOS Possible Leaks:   0
CVC: PMOS Source vs Bulk:   0
CVC: PMOS Gate vs Source:   0
CVC: PMOS Possible Leaks:   0
CVC: Overvoltage-VBG:       0
CVC: Overvoltage-VBS:       0
CVC: Overvoltage-VDS:       0
CVC: Overvoltage-VGS:       0
CVC: Model errors:          0
CVC: Unexpected voltage :   0
CVC: Total:                 0
Usage Total: Time: 4  Memory: 348424  I/O: 136  Swap: 0
Virtual net update/access 18312/27061257
CVC: Log output to /tmp/tmpg2qwmavz/repo/precheck_results/12_MAY_2026___03_50_50/tmp/cvc.log
CVC: End: Tue May 12 04:24:56 2026


LVS result:
Final result: 
Circuits match uniquely.
.
LVS Done.

CVC result:
CVC: Total:                 0

Runtime: 0:12:02 (hh:mm:ss)

No errors detected
